component_id,n_nodes,n_edges,total_length_km,n_anchored_grid_cells,calibrated_population,n_districts,districts,bbox_extent_km2,node_rank,component_class
0,755287,1659688,50941.28,14382,9852440.4,25,"Arnavutköy,Avcılar,Bahçelievler,Bakırköy,Bayrampaşa,Bağcılar,Başakşehir,Beylikdüzü,Beyoğlu,Beşiktaş,Büyükçekmece,Esenler,Esenyurt,Eyüpsultan,Fatih,Gaziosmanpaşa,Güngören,Kâğıthane,Küçükçekmece,Sarıyer,Silivri,Sultangazi,Zeytinburnu,Çatalca,Şişli",6582.47,1,MAJOR_VALID_COMPONENT
1,468231,1028940,29942.28,7752,5421231.4,14,"Adalar,Ataşehir,Beykoz,Kadıköy,Kartal,Maltepe,Pendik,Sancaktepe,Sultanbeyli,Tuzla,Çekmeköy,Ümraniye,Üsküdar,Şile",3882.5,2,MAJOR_VALID_COMPONENT
220,517,1068,17.08,2,473.7,1,Büyükçekmece,0.75,3,SMALL_LOCAL_COMPONENT
125,281,600,24.17,6,1918.2,1,Tuzla,2.02,4,SMALL_LOCAL_COMPONENT
419,241,518,8.88,1,11.8,1,Çatalca,0.25,5,SMALL_LOCAL_COMPONENT
226,216,438,7.11,0,0.0,0,,,6,QUESTIONABLE_FRAGMENT
414,204,452,9.0,2,4.3,1,Çatalca,0.5,7,SMALL_LOCAL_COMPONENT
20,202,404,12.03,6,2013.9,1,Sarıyer,1.5,8,SMALL_LOCAL_COMPONENT
558,182,362,13.15,2,832.7,1,Fatih,0.18,9,SMALL_LOCAL_COMPONENT
473,169,346,3.3,1,729.8,1,Tuzla,0.25,10,SMALL_LOCAL_COMPONENT
229,140,280,3.17,0,0.0,0,,,11,QUESTIONABLE_FRAGMENT
559,139,278,2.17,1,4672.2,1,Sultanbeyli,0.25,12,SMALL_LOCAL_COMPONENT
109,127,262,9.07,2,1870.6,1,Silivri,1.0,13,SMALL_LOCAL_COMPONENT
41,123,244,2.78,2,2556.4,1,Başakşehir,0.5,14,SMALL_LOCAL_COMPONENT
348,118,290,10.61,2,0.0,1,Tuzla,0.29,15,QUESTIONABLE_FRAGMENT
613,111,226,3.73,1,13.3,1,Arnavutköy,0.25,16,SMALL_LOCAL_COMPONENT
221,110,224,3.09,1,858.4,1,Büyükçekmece,0.25,17,SMALL_LOCAL_COMPONENT
316,108,216,5.97,3,0.0,1,Sarıyer,1.0,18,QUESTIONABLE_FRAGMENT
449,108,216,1.55,1,2532.4,1,Pendik,0.19,19,SMALL_LOCAL_COMPONENT
376,102,214,1.73,0,0.0,0,,,20,QUESTIONABLE_FRAGMENT
430,101,248,9.78,1,0.0,1,Tuzla,0.25,21,QUESTIONABLE_FRAGMENT
432,97,194,2.23,1,329.9,1,Arnavutköy,0.25,22,SMALL_LOCAL_COMPONENT
59,93,184,0.76,1,3906.9,1,Zeytinburnu,0.25,23,SMALL_LOCAL_COMPONENT
418,90,186,5.64,2,1374.5,1,Eyüpsultan,0.5,24,SMALL_LOCAL_COMPONENT
691,88,178,2.03,1,209.3,1,Pendik,0.25,25,SMALL_LOCAL_COMPONENT
497,86,206,8.32,1,0.0,1,Arnavutköy,0.25,26,QUESTIONABLE_FRAGMENT
363,85,192,6.98,1,0.0,1,Çekmeköy,0.25,27,QUESTIONABLE_FRAGMENT
380,84,168,0.59,0,0.0,0,,,28,QUESTIONABLE_FRAGMENT
666,84,166,1.67,1,583.6,1,Bakırköy,0.25,29,SMALL_LOCAL_COMPONENT
410,82,186,7.59,2,13.1,1,Eyüpsultan,0.5,30,SMALL_LOCAL_COMPONENT
514,82,162,2.46,1,437.0,1,Tuzla,0.25,31,SMALL_LOCAL_COMPONENT
37,80,158,3.72,4,1430.0,1,Pendik,2.25,32,SMALL_LOCAL_COMPONENT
496,79,206,8.01,2,0.0,1,Arnavutköy,0.5,33,QUESTIONABLE_FRAGMENT
88,77,152,1.15,0,0.0,0,,,34,QUESTIONABLE_FRAGMENT
362,77,166,6.36,1,0.0,1,Çekmeköy,0.25,35,QUESTIONABLE_FRAGMENT
270,75,158,0.94,0,0.0,0,,,36,QUESTIONABLE_FRAGMENT
683,73,146,2.12,0,0.0,0,,,37,QUESTIONABLE_FRAGMENT
51,71,140,2.68,2,748.2,1,Arnavutköy,0.5,38,SMALL_LOCAL_COMPONENT
685,71,146,2.61,1,324.9,1,Büyükçekmece,0.25,39,SMALL_LOCAL_COMPONENT
3,71,142,4.13,1,3913.2,1,Ümraniye,0.25,40,SMALL_LOCAL_COMPONENT
230,70,138,2.53,0,0.0,0,,,41,QUESTIONABLE_FRAGMENT
300,67,186,1.25,0,0.0,0,,,42,QUESTIONABLE_FRAGMENT
501,65,130,1.25,0,0.0,0,,,43,QUESTIONABLE_FRAGMENT
185,64,130,0.55,0,0.0,0,,,44,QUESTIONABLE_FRAGMENT
42,64,126,1.66,0,0.0,0,,,45,QUESTIONABLE_FRAGMENT
664,59,122,0.65,0,0.0,0,,,46,QUESTIONABLE_FRAGMENT
45,58,116,0.47,0,0.0,0,,,47,QUESTIONABLE_FRAGMENT
490,58,116,1.31,0,0.0,0,,,48,QUESTIONABLE_FRAGMENT
111,57,116,4.16,0,0.0,0,,,49,QUESTIONABLE_FRAGMENT
403,56,118,4.02,1,1752.5,1,Beylikdüzü,0.25,50,SMALL_LOCAL_COMPONENT
545,56,110,1.76,0,0.0,0,,,51,QUESTIONABLE_FRAGMENT
170,55,110,1.79,0,0.0,0,,,52,QUESTIONABLE_FRAGMENT
529,55,110,1.42,1,7566.9,1,Bayrampaşa,0.25,53,LARGE_LOCAL_VALID_COMPONENT
479,54,106,0.85,0,0.0,0,,,54,QUESTIONABLE_FRAGMENT
17,54,110,1.44,0,0.0,0,,,55,QUESTIONABLE_FRAGMENT
669,53,134,3.44,1,664.5,1,Bakırköy,0.25,56,SMALL_LOCAL_COMPONENT
341,52,102,4.22,7,418.5,1,Başakşehir,3.0,57,SMALL_LOCAL_COMPONENT
561,52,104,1.13,1,1126.8,1,Arnavutköy,0.25,58,SMALL_LOCAL_COMPONENT
239,52,104,1.21,1,0.0,1,Sarıyer,0.06,59,QUESTIONABLE_FRAGMENT
164,51,116,3.83,1,2872.4,1,Sancaktepe,0.25,60,SMALL_LOCAL_COMPONENT
405,51,102,1.95,0,0.0,0,,,61,QUESTIONABLE_FRAGMENT
71,50,98,2.75,2,3492.7,1,Beylikdüzü,1.0,62,SMALL_LOCAL_COMPONENT
60,50,100,1.72,0,0.0,0,,,63,QUESTIONABLE_FRAGMENT
210,50,98,0.72,1,0.0,1,Sarıyer,0.25,64,QUESTIONABLE_FRAGMENT
655,49,96,1.27,0,0.0,0,,,65,QUESTIONABLE_FRAGMENT
534,49,100,1.19,0,0.0,0,,,66,QUESTIONABLE_FRAGMENT
451,46,90,3.53,11,282.9,1,Başakşehir,3.75,67,SMALL_LOCAL_COMPONENT
320,45,90,1.01,1,2873.7,1,Ataşehir,0.25,68,SMALL_LOCAL_COMPONENT
537,45,90,0.73,1,366.0,1,Büyükçekmece,0.25,69,SMALL_LOCAL_COMPONENT
579,44,110,1.12,0,0.0,0,,,70,QUESTIONABLE_FRAGMENT
317,44,86,2.43,3,0.0,1,Sarıyer,1.0,71,QUESTIONABLE_FRAGMENT
634,44,94,0.32,0,0.0,0,,,72,QUESTIONABLE_FRAGMENT
356,43,86,1.14,0,0.0,0,,,73,QUESTIONABLE_FRAGMENT
656,43,86,0.52,0,0.0,0,,,74,QUESTIONABLE_FRAGMENT
672,43,86,0.81,0,0.0,0,,,75,QUESTIONABLE_FRAGMENT
435,42,84,0.66,0,0.0,0,,,76,QUESTIONABLE_FRAGMENT
342,42,92,2.28,3,1404.6,1,Başakşehir,0.75,77,SMALL_LOCAL_COMPONENT
515,42,90,1.49,0,0.0,0,,,78,QUESTIONABLE_FRAGMENT
668,42,82,0.37,0,0.0,0,,,79,QUESTIONABLE_FRAGMENT
80,41,86,3.89,1,2346.3,1,Bakırköy,0.25,80,SMALL_LOCAL_COMPONENT
407,41,84,0.7,0,0.0,0,,,81,QUESTIONABLE_FRAGMENT
56,41,82,1.04,0,0.0,0,,,82,QUESTIONABLE_FRAGMENT
119,40,78,1.75,0,0.0,0,,,83,QUESTIONABLE_FRAGMENT
171,40,82,2.32,1,1829.6,1,Beylikdüzü,0.25,84,SMALL_LOCAL_COMPONENT
207,40,104,7.03,1,858.3,1,Bakırköy,0.25,85,SMALL_LOCAL_COMPONENT
126,38,76,1.85,0,0.0,0,,,86,QUESTIONABLE_FRAGMENT
124,38,80,3.32,1,244.0,1,Tuzla,0.25,87,SMALL_LOCAL_COMPONENT
318,38,74,1.63,1,0.0,1,Sarıyer,0.25,88,QUESTIONABLE_FRAGMENT
493,36,72,2.02,1,4132.7,1,Eyüpsultan,0.25,89,SMALL_LOCAL_COMPONENT
632,36,70,1.35,0,0.0,0,,,90,QUESTIONABLE_FRAGMENT
334,36,72,0.58,0,0.0,0,,,91,QUESTIONABLE_FRAGMENT
518,36,70,0.34,0,0.0,0,,,92,QUESTIONABLE_FRAGMENT
154,36,70,1.88,1,7476.6,1,Kâğıthane,0.25,93,LARGE_LOCAL_VALID_COMPONENT
215,35,70,0.41,0,0.0,0,,,94,QUESTIONABLE_FRAGMENT
471,34,68,0.37,0,0.0,0,,,95,QUESTIONABLE_FRAGMENT
58,33,66,0.53,0,0.0,0,,,96,QUESTIONABLE_FRAGMENT
67,33,64,2.02,0,0.0,0,,,97,QUESTIONABLE_FRAGMENT
99,33,66,0.53,0,0.0,0,,,98,QUESTIONABLE_FRAGMENT
583,32,64,0.53,0,0.0,0,,,99,QUESTIONABLE_FRAGMENT
336,32,64,2.4,4,13.6,1,Beykoz,1.5,100,SMALL_LOCAL_COMPONENT
566,32,62,0.25,0,0.0,0,,,101,QUESTIONABLE_FRAGMENT
622,31,62,0.36,0,0.0,0,,,102,QUESTIONABLE_FRAGMENT
498,31,64,1.71,0,0.0,0,,,103,QUESTIONABLE_FRAGMENT
673,31,62,1.8,0,0.0,0,,,104,QUESTIONABLE_FRAGMENT
340,31,62,1.32,0,0.0,0,,,105,QUESTIONABLE_FRAGMENT
217,30,62,2.64,0,0.0,0,,,106,QUESTIONABLE_FRAGMENT
587,30,68,0.75,0,0.0,0,,,107,QUESTIONABLE_FRAGMENT
516,30,60,1.52,0,0.0,0,,,108,QUESTIONABLE_FRAGMENT
698,30,58,0.18,0,0.0,0,,,109,QUESTIONABLE_FRAGMENT
107,29,58,2.11,1,274.8,1,Silivri,0.25,110,SMALL_LOCAL_COMPONENT
32,29,58,0.23,1,5928.4,1,Ümraniye,0.25,111,LARGE_LOCAL_VALID_COMPONENT
679,29,58,0.33,0,0.0,0,,,112,QUESTIONABLE_FRAGMENT
195,29,56,0.62,0,0.0,0,,,113,QUESTIONABLE_FRAGMENT
85,29,56,1.32,0,0.0,0,,,114,QUESTIONABLE_FRAGMENT
476,29,56,0.71,0,0.0,0,,,115,QUESTIONABLE_FRAGMENT
615,28,54,0.47,0,0.0,0,,,116,QUESTIONABLE_FRAGMENT
108,28,56,2.22,1,69.0,1,Silivri,0.25,117,SMALL_LOCAL_COMPONENT
505,28,54,1.15,0,0.0,0,,,118,QUESTIONABLE_FRAGMENT
416,28,58,3.7,1,0.0,1,Sarıyer,0.25,119,QUESTIONABLE_FRAGMENT
263,27,54,0.22,0,0.0,0,,,120,QUESTIONABLE_FRAGMENT
667,27,52,0.51,0,0.0,0,,,121,QUESTIONABLE_FRAGMENT
474,27,52,0.38,0,0.0,0,,,122,QUESTIONABLE_FRAGMENT
620,27,54,0.5,0,0.0,0,,,123,QUESTIONABLE_FRAGMENT
481,27,72,2.46,0,0.0,0,,,124,QUESTIONABLE_FRAGMENT
70,27,52,1.6,0,0.0,0,,,125,QUESTIONABLE_FRAGMENT
181,27,54,1.61,0,0.0,0,,,126,QUESTIONABLE_FRAGMENT
609,27,54,0.53,0,0.0,0,,,127,QUESTIONABLE_FRAGMENT
333,27,54,0.89,0,0.0,0,,,128,QUESTIONABLE_FRAGMENT
686,27,56,0.82,0,0.0,0,,,129,QUESTIONABLE_FRAGMENT
31,27,54,0.29,0,0.0,0,,,130,QUESTIONABLE_FRAGMENT
147,26,52,0.26,0,0.0,0,,,131,QUESTIONABLE_FRAGMENT
499,26,52,0.17,0,0.0,0,,,132,QUESTIONABLE_FRAGMENT
218,26,50,0.4,0,0.0,0,,,133,QUESTIONABLE_FRAGMENT
383,26,52,0.53,0,0.0,0,,,134,QUESTIONABLE_FRAGMENT
478,26,50,0.86,0,0.0,0,,,135,QUESTIONABLE_FRAGMENT
179,26,50,0.99,0,0.0,0,,,136,QUESTIONABLE_FRAGMENT
194,26,50,1.41,0,0.0,0,,,137,QUESTIONABLE_FRAGMENT
314,26,54,1.18,0,0.0,0,,,138,QUESTIONABLE_FRAGMENT
208,26,56,1.01,1,4273.1,1,Esenler,0.25,139,SMALL_LOCAL_COMPONENT
86,26,54,2.79,0,0.0,0,,,140,QUESTIONABLE_FRAGMENT
531,26,78,2.39,1,552.8,1,Arnavutköy,0.25,141,SMALL_LOCAL_COMPONENT
517,24,46,2.02,0,0.0,0,,,142,QUESTIONABLE_FRAGMENT
358,24,46,0.42,0,0.0,0,,,143,QUESTIONABLE_FRAGMENT
606,24,48,0.48,0,0.0,0,,,144,QUESTIONABLE_FRAGMENT
57,23,46,0.36,0,0.0,0,,,145,QUESTIONABLE_FRAGMENT
468,22,42,0.99,0,0.0,0,,,146,QUESTIONABLE_FRAGMENT
461,22,42,0.27,0,0.0,0,,,147,QUESTIONABLE_FRAGMENT
91,22,44,2.85,0,0.0,0,,,148,QUESTIONABLE_FRAGMENT
112,22,44,0.9,1,5419.5,1,Küçükçekmece,0.25,149,LARGE_LOCAL_VALID_COMPONENT
523,22,46,2.17,1,1421.8,1,Beykoz,0.25,150,SMALL_LOCAL_COMPONENT
83,22,42,0.49,0,0.0,0,,,151,QUESTIONABLE_FRAGMENT
232,21,40,0.78,0,0.0,0,,,152,QUESTIONABLE_FRAGMENT
103,21,40,0.76,0,0.0,0,,,153,QUESTIONABLE_FRAGMENT
102,21,40,1.36,0,0.0,0,,,154,QUESTIONABLE_FRAGMENT
26,21,42,0.33,0,0.0,0,,,155,QUESTIONABLE_FRAGMENT
101,21,42,0.5,0,0.0,0,,,156,QUESTIONABLE_FRAGMENT
235,21,40,1.44,0,0.0,0,,,157,QUESTIONABLE_FRAGMENT
630,21,40,0.49,0,0.0,0,,,158,QUESTIONABLE_FRAGMENT
48,21,40,2.03,1,3.7,1,Eyüpsultan,0.25,159,SMALL_LOCAL_COMPONENT
145,19,36,0.33,0,0.0,0,,,160,QUESTIONABLE_FRAGMENT
120,19,38,0.11,0,0.0,0,,,161,QUESTIONABLE_FRAGMENT
190,19,36,0.97,0,0.0,0,,,162,QUESTIONABLE_FRAGMENT
402,19,36,0.91,0,0.0,0,,,163,QUESTIONABLE_FRAGMENT
629,19,36,0.81,1,6765.2,1,Sultangazi,0.25,164,LARGE_LOCAL_VALID_COMPONENT
222,19,36,0.3,0,0.0,0,,,165,QUESTIONABLE_FRAGMENT
382,18,34,1.15,0,0.0,0,,,166,QUESTIONABLE_FRAGMENT
660,18,36,0.47,0,0.0,0,,,167,QUESTIONABLE_FRAGMENT
104,18,36,0.71,0,0.0,0,,,168,QUESTIONABLE_FRAGMENT
591,18,40,0.93,0,0.0,0,,,169,QUESTIONABLE_FRAGMENT
530,18,34,1.92,3,855.7,1,Arnavutköy,0.75,170,SMALL_LOCAL_COMPONENT
464,18,40,4.13,3,2747.8,1,Pendik,1.0,171,SMALL_LOCAL_COMPONENT
116,18,34,0.45,0,0.0,0,,,172,QUESTIONABLE_FRAGMENT
519,17,32,0.25,0,0.0,0,,,173,QUESTIONABLE_FRAGMENT
113,17,32,1.63,0,0.0,0,,,174,QUESTIONABLE_FRAGMENT
68,17,36,0.58,0,0.0,0,,,175,QUESTIONABLE_FRAGMENT
646,17,32,0.62,0,0.0,0,,,176,QUESTIONABLE_FRAGMENT
385,17,32,0.3,0,0.0,0,,,177,QUESTIONABLE_FRAGMENT
600,17,32,0.37,0,0.0,0,,,178,QUESTIONABLE_FRAGMENT
604,17,34,0.14,0,0.0,0,,,179,QUESTIONABLE_FRAGMENT
605,17,38,0.71,0,0.0,0,,,180,QUESTIONABLE_FRAGMENT
671,16,30,0.13,1,941.9,1,Beylikdüzü,0.25,181,SMALL_LOCAL_COMPONENT
50,16,30,0.41,0,0.0,0,,,182,QUESTIONABLE_FRAGMENT
539,16,30,0.39,0,0.0,0,,,183,QUESTIONABLE_FRAGMENT
74,16,32,0.16,0,0.0,0,,,184,QUESTIONABLE_FRAGMENT
676,16,30,0.45,0,0.0,0,,,185,QUESTIONABLE_FRAGMENT
223,15,28,0.51,1,514.6,1,Büyükçekmece,0.25,186,SMALL_LOCAL_COMPONENT
540,15,28,0.49,0,0.0,0,,,187,QUESTIONABLE_FRAGMENT
645,15,28,0.85,0,0.0,0,,,188,QUESTIONABLE_FRAGMENT
538,15,28,0.36,0,0.0,0,,,189,QUESTIONABLE_FRAGMENT
326,15,28,0.14,0,0.0,0,,,190,QUESTIONABLE_FRAGMENT
648,15,28,0.52,0,0.0,0,,,191,QUESTIONABLE_FRAGMENT
522,15,30,0.16,0,0.0,0,,,192,QUESTIONABLE_FRAGMENT
81,15,28,1.7,0,0.0,0,,,193,QUESTIONABLE_FRAGMENT
665,14,28,0.44,0,0.0,0,,,194,QUESTIONABLE_FRAGMENT
439,14,28,0.22,0,0.0,0,,,195,QUESTIONABLE_FRAGMENT
166,14,26,0.77,0,0.0,0,,,196,QUESTIONABLE_FRAGMENT
507,14,28,1.21,0,0.0,0,,,197,QUESTIONABLE_FRAGMENT
6,14,26,0.91,0,0.0,0,,,198,QUESTIONABLE_FRAGMENT
21,14,26,0.19,0,0.0,0,,,199,QUESTIONABLE_FRAGMENT
542,14,26,0.45,0,0.0,0,,,200,QUESTIONABLE_FRAGMENT
25,14,26,0.5,0,0.0,0,,,201,QUESTIONABLE_FRAGMENT
129,14,26,0.33,0,0.0,0,,,202,QUESTIONABLE_FRAGMENT
5,13,24,0.47,0,0.0,0,,,203,QUESTIONABLE_FRAGMENT
224,13,24,0.16,0,0.0,0,,,204,QUESTIONABLE_FRAGMENT
398,13,24,0.59,0,0.0,0,,,205,QUESTIONABLE_FRAGMENT
689,13,26,0.74,1,3222.9,1,Sancaktepe,0.25,206,SMALL_LOCAL_COMPONENT
585,13,24,0.33,0,0.0,0,,,207,QUESTIONABLE_FRAGMENT
200,13,24,0.9,0,0.0,0,,,208,QUESTIONABLE_FRAGMENT
203,13,24,0.25,0,0.0,0,,,209,QUESTIONABLE_FRAGMENT
590,13,30,0.93,0,0.0,0,,,210,QUESTIONABLE_FRAGMENT
399,13,26,0.3,0,0.0,0,,,211,QUESTIONABLE_FRAGMENT
325,12,22,0.53,0,0.0,0,,,212,QUESTIONABLE_FRAGMENT
582,12,22,0.45,0,0.0,0,,,213,QUESTIONABLE_FRAGMENT
18,12,22,0.43,0,0.0,0,,,214,QUESTIONABLE_FRAGMENT
494,12,22,0.66,1,556.4,1,Eyüpsultan,0.25,215,SMALL_LOCAL_COMPONENT
73,12,22,0.57,0,0.0,0,,,216,QUESTIONABLE_FRAGMENT
448,12,22,0.11,0,0.0,0,,,217,QUESTIONABLE_FRAGMENT
55,12,22,0.35,0,0.0,0,,,218,QUESTIONABLE_FRAGMENT
202,12,22,0.2,0,0.0,0,,,219,QUESTIONABLE_FRAGMENT
508,11,20,0.54,0,0.0,0,,,220,QUESTIONABLE_FRAGMENT
546,11,20,0.44,0,0.0,0,,,221,QUESTIONABLE_FRAGMENT
375,11,20,0.13,0,0.0,0,,,222,QUESTIONABLE_FRAGMENT
488,11,20,0.19,0,0.0,0,,,223,QUESTIONABLE_FRAGMENT
437,11,20,0.57,0,0.0,0,,,224,QUESTIONABLE_FRAGMENT
504,11,20,0.13,0,0.0,0,,,225,QUESTIONABLE_FRAGMENT
544,11,20,0.27,0,0.0,0,,,226,QUESTIONABLE_FRAGMENT
470,11,20,0.28,0,0.0,0,,,227,QUESTIONABLE_FRAGMENT
397,11,20,0.52,0,0.0,0,,,228,QUESTIONABLE_FRAGMENT
38,11,20,0.44,0,0.0,0,,,229,QUESTIONABLE_FRAGMENT
225,11,20,0.08,0,0.0,0,,,230,QUESTIONABLE_FRAGMENT
44,11,20,0.19,0,0.0,0,,,231,QUESTIONABLE_FRAGMENT
219,11,20,0.68,1,1055.7,1,Büyükçekmece,0.25,232,SMALL_LOCAL_COMPONENT
601,11,20,0.13,0,0.0,0,,,233,QUESTIONABLE_FRAGMENT
550,11,20,0.25,0,0.0,0,,,234,QUESTIONABLE_FRAGMENT
603,11,20,0.4,1,4091.4,1,Eyüpsultan,0.25,235,SMALL_LOCAL_COMPONENT
581,11,20,0.47,0,0.0,0,,,236,QUESTIONABLE_FRAGMENT
619,11,20,0.38,0,0.0,0,,,237,QUESTIONABLE_FRAGMENT
131,11,20,0.4,0,0.0,0,,,238,QUESTIONABLE_FRAGMENT
127,11,20,0.07,0,0.0,0,,,239,QUESTIONABLE_FRAGMENT
197,10,18,0.26,0,0.0,0,,,240,QUESTIONABLE_FRAGMENT
396,10,18,0.19,1,1105.2,1,Pendik,0.25,241,SMALL_LOCAL_COMPONENT
635,10,18,0.29,0,0.0,0,,,242,QUESTIONABLE_FRAGMENT
149,10,18,0.23,0,0.0,0,,,243,QUESTIONABLE_FRAGMENT
292,10,18,0.34,1,778.6,1,Arnavutköy,0.25,244,SMALL_LOCAL_COMPONENT
284,10,20,1.1,0,0.0,0,,,245,QUESTIONABLE_FRAGMENT
527,10,18,0.07,0,0.0,0,,,246,QUESTIONABLE_FRAGMENT
657,10,18,0.34,0,0.0,0,,,247,QUESTIONABLE_FRAGMENT
441,10,18,0.23,0,0.0,0,,,248,QUESTIONABLE_FRAGMENT
408,10,18,0.32,0,0.0,0,,,249,QUESTIONABLE_FRAGMENT
30,10,18,0.19,0,0.0,0,,,250,QUESTIONABLE_FRAGMENT
404,10,18,0.75,0,0.0,0,,,251,QUESTIONABLE_FRAGMENT
549,10,18,0.28,0,0.0,0,,,252,QUESTIONABLE_FRAGMENT
11,10,18,1.37,1,5480.5,1,Kartal,0.25,253,LARGE_LOCAL_VALID_COMPONENT
688,10,18,0.11,0,0.0,0,,,254,QUESTIONABLE_FRAGMENT
238,10,18,0.25,0,0.0,0,,,255,QUESTIONABLE_FRAGMENT
584,10,18,0.51,0,0.0,0,,,256,QUESTIONABLE_FRAGMENT
680,9,16,0.13,0,0.0,0,,,257,QUESTIONABLE_FRAGMENT
628,9,18,0.34,0,0.0,0,,,258,QUESTIONABLE_FRAGMENT
66,9,16,0.19,0,0.0,0,,,259,QUESTIONABLE_FRAGMENT
293,9,18,0.19,0,0.0,0,,,260,QUESTIONABLE_FRAGMENT
319,9,16,0.7,0,0.0,0,,,261,QUESTIONABLE_FRAGMENT
433,9,16,0.15,0,0.0,0,,,262,QUESTIONABLE_FRAGMENT
360,9,16,0.48,1,4145.8,1,Maltepe,0.25,263,SMALL_LOCAL_COMPONENT
10,9,16,1.41,2,6335.7,1,Pendik,1.0,264,LARGE_LOCAL_VALID_COMPONENT
63,9,20,0.56,0,0.0,0,,,265,QUESTIONABLE_FRAGMENT
75,9,16,0.25,0,0.0,0,,,266,QUESTIONABLE_FRAGMENT
160,9,16,0.4,0,0.0,0,,,267,QUESTIONABLE_FRAGMENT
594,9,16,0.23,0,0.0,0,,,268,QUESTIONABLE_FRAGMENT
440,9,18,0.58,0,0.0,0,,,269,QUESTIONABLE_FRAGMENT
228,9,16,0.12,0,0.0,0,,,270,QUESTIONABLE_FRAGMENT
255,9,16,0.1,0,0.0,0,,,271,QUESTIONABLE_FRAGMENT
543,9,16,0.29,0,0.0,0,,,272,QUESTIONABLE_FRAGMENT
572,9,16,0.13,0,0.0,0,,,273,QUESTIONABLE_FRAGMENT
541,9,16,0.25,0,0.0,0,,,274,QUESTIONABLE_FRAGMENT
455,8,14,0.58,1,326.9,1,Arnavutköy,0.25,275,SMALL_LOCAL_COMPONENT
354,8,14,0.23,0,0.0,0,,,276,QUESTIONABLE_FRAGMENT
625,8,14,0.36,0,0.0,0,,,277,QUESTIONABLE_FRAGMENT
227,8,14,0.15,0,0.0,0,,,278,QUESTIONABLE_FRAGMENT
535,8,14,0.27,0,0.0,0,,,279,QUESTIONABLE_FRAGMENT
128,8,14,0.21,0,0.0,0,,,280,QUESTIONABLE_FRAGMENT
253,8,14,0.16,0,0.0,0,,,281,QUESTIONABLE_FRAGMENT
659,8,14,0.11,0,0.0,0,,,282,QUESTIONABLE_FRAGMENT
78,8,14,0.37,0,0.0,0,,,283,QUESTIONABLE_FRAGMENT
343,8,14,0.13,0,0.0,0,,,284,QUESTIONABLE_FRAGMENT
64,8,14,0.29,0,0.0,0,,,285,QUESTIONABLE_FRAGMENT
677,8,14,0.06,0,0.0,0,,,286,QUESTIONABLE_FRAGMENT
357,8,14,0.11,0,0.0,0,,,287,QUESTIONABLE_FRAGMENT
258,8,14,0.06,0,0.0,0,,,288,QUESTIONABLE_FRAGMENT
40,8,14,0.28,0,0.0,0,,,289,QUESTIONABLE_FRAGMENT
19,8,14,0.79,0,0.0,0,,,290,QUESTIONABLE_FRAGMENT
378,8,16,1.23,0,0.0,0,,,291,QUESTIONABLE_FRAGMENT
14,8,14,0.41,0,0.0,0,,,292,QUESTIONABLE_FRAGMENT
13,8,14,0.37,0,0.0,0,,,293,QUESTIONABLE_FRAGMENT
12,8,14,0.29,0,0.0,0,,,294,QUESTIONABLE_FRAGMENT
231,8,14,0.14,0,0.0,0,,,295,QUESTIONABLE_FRAGMENT
695,8,14,0.03,0,0.0,0,,,296,QUESTIONABLE_FRAGMENT
139,8,14,0.15,0,0.0,0,,,297,QUESTIONABLE_FRAGMENT
311,8,16,0.09,0,0.0,0,,,298,QUESTIONABLE_FRAGMENT
495,8,14,0.23,1,1084.6,1,Beşiktaş,0.23,299,SMALL_LOCAL_COMPONENT
153,8,14,0.4,0,0.0,0,,,300,QUESTIONABLE_FRAGMENT
161,8,14,0.28,0,0.0,0,,,301,QUESTIONABLE_FRAGMENT
533,8,14,0.23,0,0.0,0,,,302,QUESTIONABLE_FRAGMENT
443,7,12,0.33,0,0.0,0,,,303,QUESTIONABLE_FRAGMENT
206,7,12,0.22,0,0.0,0,,,304,QUESTIONABLE_FRAGMENT
251,7,12,0.09,0,0.0,0,,,305,QUESTIONABLE_FRAGMENT
95,7,12,0.16,0,0.0,0,,,306,QUESTIONABLE_FRAGMENT
345,7,12,0.42,0,0.0,0,,,307,QUESTIONABLE_FRAGMENT
643,7,12,0.05,0,0.0,0,,,308,QUESTIONABLE_FRAGMENT
562,7,12,0.14,0,0.0,0,,,309,QUESTIONABLE_FRAGMENT
62,7,12,0.31,0,0.0,0,,,310,QUESTIONABLE_FRAGMENT
436,7,12,0.1,0,0.0,0,,,311,QUESTIONABLE_FRAGMENT
434,7,12,0.5,0,0.0,0,,,312,QUESTIONABLE_FRAGMENT
90,7,12,0.47,0,0.0,0,,,313,QUESTIONABLE_FRAGMENT
315,7,12,0.24,0,0.0,0,,,314,QUESTIONABLE_FRAGMENT
39,7,12,0.17,1,2480.5,1,Maltepe,0.25,315,SMALL_LOCAL_COMPONENT
172,7,12,0.45,0,0.0,0,,,316,QUESTIONABLE_FRAGMENT
165,7,12,0.08,0,0.0,0,,,317,QUESTIONABLE_FRAGMENT
697,7,14,0.19,0,0.0,0,,,318,QUESTIONABLE_FRAGMENT
389,7,12,0.31,0,0.0,0,,,319,QUESTIONABLE_FRAGMENT
214,7,12,0.4,0,0.0,0,,,320,QUESTIONABLE_FRAGMENT
423,7,12,0.27,0,0.0,0,,,321,QUESTIONABLE_FRAGMENT
454,7,12,1.17,2,553.3,1,Arnavutköy,0.5,322,SMALL_LOCAL_COMPONENT
24,7,12,0.12,0,0.0,0,,,323,QUESTIONABLE_FRAGMENT
168,6,10,0.42,0,0.0,0,,,324,QUESTIONABLE_FRAGMENT
690,6,10,0.03,0,0.0,0,,,325,QUESTIONABLE_FRAGMENT
49,6,10,0.38,1,420.6,1,Eyüpsultan,0.25,326,SMALL_LOCAL_COMPONENT
237,6,10,0.24,0,0.0,0,,,327,QUESTIONABLE_FRAGMENT
577,6,10,0.03,1,0.0,1,Eyüpsultan,0.25,328,QUESTIONABLE_FRAGMENT
401,6,12,0.44,1,838.9,1,Pendik,0.25,329,SMALL_LOCAL_COMPONENT
65,6,10,0.14,0,0.0,0,,,330,QUESTIONABLE_FRAGMENT
687,6,10,0.28,0,0.0,0,,,331,QUESTIONABLE_FRAGMENT
564,6,10,0.05,0,0.0,0,,,332,QUESTIONABLE_FRAGMENT
565,6,10,0.2,0,0.0,0,,,333,QUESTIONABLE_FRAGMENT
186,6,10,0.3,0,0.0,0,,,334,QUESTIONABLE_FRAGMENT
298,6,10,0.27,0,0.0,0,,,335,QUESTIONABLE_FRAGMENT
192,6,12,0.37,0,0.0,0,,,336,QUESTIONABLE_FRAGMENT
610,6,10,0.08,0,0.0,0,,,337,QUESTIONABLE_FRAGMENT
621,6,10,0.12,0,0.0,0,,,338,QUESTIONABLE_FRAGMENT
305,6,10,0.03,0,0.0,0,,,339,QUESTIONABLE_FRAGMENT
487,6,14,0.06,0,0.0,0,,,340,QUESTIONABLE_FRAGMENT
310,6,10,0.15,0,0.0,0,,,341,QUESTIONABLE_FRAGMENT
259,6,10,0.06,0,0.0,0,,,342,QUESTIONABLE_FRAGMENT
536,6,10,0.24,0,0.0,0,,,343,QUESTIONABLE_FRAGMENT
122,6,10,0.79,1,2976.6,1,Pendik,0.25,344,SMALL_LOCAL_COMPONENT
322,6,10,0.35,0,0.0,0,,,345,QUESTIONABLE_FRAGMENT
193,6,10,0.47,0,0.0,0,,,346,QUESTIONABLE_FRAGMENT
460,6,10,0.54,1,992.0,1,Pendik,0.25,347,SMALL_LOCAL_COMPONENT
458,6,10,0.38,0,0.0,0,,,348,QUESTIONABLE_FRAGMENT
483,5,8,0.04,0,0.0,0,,,349,QUESTIONABLE_FRAGMENT
379,5,8,0.07,0,0.0,0,,,350,QUESTIONABLE_FRAGMENT
248,5,8,0.09,0,0.0,0,,,351,QUESTIONABLE_FRAGMENT
76,5,8,0.17,0,0.0,0,,,352,QUESTIONABLE_FRAGMENT
551,5,8,0.13,0,0.0,0,,,353,QUESTIONABLE_FRAGMENT
150,5,8,0.44,0,0.0,0,,,354,QUESTIONABLE_FRAGMENT
475,5,8,0.03,0,0.0,0,,,355,QUESTIONABLE_FRAGMENT
377,5,8,0.18,0,0.0,0,,,356,QUESTIONABLE_FRAGMENT
623,5,8,0.2,0,0.0,0,,,357,QUESTIONABLE_FRAGMENT
588,5,8,0.28,0,0.0,0,,,358,QUESTIONABLE_FRAGMENT
421,5,8,0.18,1,626.5,1,Sancaktepe,0.25,359,SMALL_LOCAL_COMPONENT
275,5,8,0.32,0,0.0,0,,,360,QUESTIONABLE_FRAGMENT
82,5,8,0.22,0,0.0,0,,,361,QUESTIONABLE_FRAGMENT
453,5,8,1.1,2,603.5,1,Arnavutköy,0.5,362,SMALL_LOCAL_COMPONENT
548,5,8,0.09,0,0.0,0,,,363,QUESTIONABLE_FRAGMENT
486,5,12,0.13,0,0.0,0,,,364,QUESTIONABLE_FRAGMENT
297,5,8,0.29,0,0.0,0,,,365,QUESTIONABLE_FRAGMENT
7,5,8,0.16,0,0.0,0,,,366,QUESTIONABLE_FRAGMENT
142,5,8,0.34,0,0.0,0,,,367,QUESTIONABLE_FRAGMENT
684,5,8,0.06,0,0.0,0,,,368,QUESTIONABLE_FRAGMENT
33,5,8,0.19,0,0.0,0,,,369,QUESTIONABLE_FRAGMENT
191,5,8,0.06,0,0.0,0,,,370,QUESTIONABLE_FRAGMENT
110,5,8,0.17,0,0.0,0,,,371,QUESTIONABLE_FRAGMENT
246,5,8,0.09,0,0.0,0,,,372,QUESTIONABLE_FRAGMENT
52,5,8,0.14,0,0.0,0,,,373,QUESTIONABLE_FRAGMENT
244,5,8,0.17,0,0.0,0,,,374,QUESTIONABLE_FRAGMENT
570,5,8,0.08,0,0.0,0,,,375,QUESTIONABLE_FRAGMENT
602,5,8,0.04,0,0.0,0,,,376,QUESTIONABLE_FRAGMENT
353,5,8,0.36,0,0.0,0,,,377,QUESTIONABLE_FRAGMENT
123,5,8,1.15,1,1154.2,1,Tuzla,0.25,378,SMALL_LOCAL_COMPONENT
459,5,8,0.3,0,0.0,0,,,379,QUESTIONABLE_FRAGMENT
626,4,6,0.19,0,0.0,0,,,380,QUESTIONABLE_FRAGMENT
647,4,6,0.17,1,545.0,1,Eyüpsultan,0.25,381,SMALL_LOCAL_COMPONENT
482,4,6,0.02,0,0.0,0,,,382,QUESTIONABLE_FRAGMENT
694,4,6,0.07,1,3081.7,1,Beşiktaş,0.25,383,SMALL_LOCAL_COMPONENT
520,4,6,0.04,0,0.0,0,,,384,QUESTIONABLE_FRAGMENT
569,4,6,0.06,0,0.0,0,,,385,QUESTIONABLE_FRAGMENT
553,4,6,0.1,0,0.0,0,,,386,QUESTIONABLE_FRAGMENT
477,4,6,0.83,0,0.0,0,,,387,QUESTIONABLE_FRAGMENT
489,4,6,0.19,0,0.0,0,,,388,QUESTIONABLE_FRAGMENT
580,4,6,0.04,0,0.0,0,,,389,QUESTIONABLE_FRAGMENT
663,4,6,0.33,0,0.0,0,,,390,QUESTIONABLE_FRAGMENT
472,4,6,0.89,2,0.0,1,Silivri,0.5,391,QUESTIONABLE_FRAGMENT
611,4,6,0.13,0,0.0,0,,,392,QUESTIONABLE_FRAGMENT
552,4,6,0.1,0,0.0,0,,,393,QUESTIONABLE_FRAGMENT
578,4,6,0.03,0,0.0,0,,,394,QUESTIONABLE_FRAGMENT
351,4,6,0.06,0,0.0,0,,,395,QUESTIONABLE_FRAGMENT
234,4,6,0.18,0,0.0,0,,,396,QUESTIONABLE_FRAGMENT
159,4,6,0.08,0,0.0,0,,,397,QUESTIONABLE_FRAGMENT
266,4,6,0.06,0,0.0,0,,,398,QUESTIONABLE_FRAGMENT
140,4,6,0.17,0,0.0,0,,,399,QUESTIONABLE_FRAGMENT
324,4,6,0.05,0,0.0,0,,,400,QUESTIONABLE_FRAGMENT
257,4,6,0.08,0,0.0,0,,,401,QUESTIONABLE_FRAGMENT
148,4,6,0.07,1,3002.5,1,Çekmeköy,0.25,402,SMALL_LOCAL_COMPONENT
152,4,6,0.09,0,0.0,0,,,403,QUESTIONABLE_FRAGMENT
254,4,6,0.07,0,0.0,0,,,404,QUESTIONABLE_FRAGMENT
247,4,6,0.03,0,0.0,0,,,405,QUESTIONABLE_FRAGMENT
306,4,6,0.11,0,0.0,0,,,406,QUESTIONABLE_FRAGMENT
163,4,6,0.15,0,0.0,0,,,407,QUESTIONABLE_FRAGMENT
245,4,6,0.06,0,0.0,0,,,408,QUESTIONABLE_FRAGMENT
243,4,6,0.14,0,0.0,0,,,409,QUESTIONABLE_FRAGMENT
173,4,6,0.07,0,0.0,0,,,410,QUESTIONABLE_FRAGMENT
198,4,8,0.17,0,0.0,0,,,411,QUESTIONABLE_FRAGMENT
199,4,6,0.29,0,0.0,0,,,412,QUESTIONABLE_FRAGMENT
201,4,6,0.05,0,0.0,0,,,413,QUESTIONABLE_FRAGMENT
133,4,6,0.08,1,1925.3,1,Sarıyer,0.25,414,SMALL_LOCAL_COMPONENT
367,4,6,0.16,0,0.0,0,,,415,QUESTIONABLE_FRAGMENT
97,4,8,0.24,0,0.0,0,,,416,QUESTIONABLE_FRAGMENT
93,4,6,0.16,0,0.0,0,,,417,QUESTIONABLE_FRAGMENT
290,4,6,0.22,0,0.0,0,,,418,QUESTIONABLE_FRAGMENT
299,4,6,0.1,0,0.0,0,,,419,QUESTIONABLE_FRAGMENT
34,4,6,0.08,0,0.0,0,,,420,QUESTIONABLE_FRAGMENT
47,4,6,0.01,0,0.0,0,,,421,QUESTIONABLE_FRAGMENT
205,4,6,0.03,0,0.0,0,,,422,QUESTIONABLE_FRAGMENT
250,3,4,0.05,0,0.0,0,,,423,QUESTIONABLE_FRAGMENT
233,3,4,0.02,0,0.0,0,,,424,QUESTIONABLE_FRAGMENT
286,3,4,0.04,0,0.0,0,,,425,QUESTIONABLE_FRAGMENT
274,3,4,0.06,0,0.0,0,,,426,QUESTIONABLE_FRAGMENT
285,3,4,0.06,0,0.0,0,,,427,QUESTIONABLE_FRAGMENT
394,3,4,0.05,3,0.0,1,Silivri,1.0,428,QUESTIONABLE_FRAGMENT
547,3,4,0.04,0,0.0,0,,,429,QUESTIONABLE_FRAGMENT
236,3,4,0.34,0,0.0,0,,,430,QUESTIONABLE_FRAGMENT
283,3,4,0.04,0,0.0,0,,,431,QUESTIONABLE_FRAGMENT
282,3,4,0.05,0,0.0,0,,,432,QUESTIONABLE_FRAGMENT
500,3,4,0.11,0,0.0,0,,,433,QUESTIONABLE_FRAGMENT
281,3,4,0.04,0,0.0,0,,,434,QUESTIONABLE_FRAGMENT
502,3,4,0.2,2,333.1,1,Arnavutköy,0.5,435,SMALL_LOCAL_COMPONENT
249,3,4,0.09,0,0.0,0,,,436,QUESTIONABLE_FRAGMENT
267,3,4,0.04,0,0.0,0,,,437,QUESTIONABLE_FRAGMENT
521,3,4,0.01,0,0.0,0,,,438,QUESTIONABLE_FRAGMENT
252,3,4,0.07,0,0.0,0,,,439,QUESTIONABLE_FRAGMENT
269,3,4,0.08,0,0.0,0,,,440,QUESTIONABLE_FRAGMENT
509,3,4,0.12,0,0.0,0,,,441,QUESTIONABLE_FRAGMENT
256,3,4,0.07,1,5094.0,1,Küçükçekmece,0.25,442,LARGE_LOCAL_VALID_COMPONENT
280,3,4,0.06,0,0.0,0,,,443,QUESTIONABLE_FRAGMENT
279,3,4,0.07,0,0.0,0,,,444,QUESTIONABLE_FRAGMENT
260,3,4,0.07,0,0.0,0,,,445,QUESTIONABLE_FRAGMENT
262,3,4,0.02,0,0.0,0,,,446,QUESTIONABLE_FRAGMENT
506,3,4,0.21,0,0.0,0,,,447,QUESTIONABLE_FRAGMENT
265,3,4,0.05,0,0.0,0,,,448,QUESTIONABLE_FRAGMENT
278,3,4,0.08,1,0.0,1,Beykoz,0.25,449,QUESTIONABLE_FRAGMENT
277,3,4,0.05,1,0.9,1,Arnavutköy,0.25,450,SMALL_LOCAL_COMPONENT
557,3,4,0.31,0,0.0,0,,,451,QUESTIONABLE_FRAGMENT
272,3,4,0.08,0,0.0,0,,,452,QUESTIONABLE_FRAGMENT
576,3,4,0.04,0,0.0,0,,,453,QUESTIONABLE_FRAGMENT
204,3,4,0.03,0,0.0,0,,,454,QUESTIONABLE_FRAGMENT
567,3,4,0.04,0,0.0,0,,,455,QUESTIONABLE_FRAGMENT
106,3,4,0.05,1,29.1,1,Silivri,0.25,456,SMALL_LOCAL_COMPONENT
652,3,4,0.1,0,0.0,0,,,457,QUESTIONABLE_FRAGMENT
654,3,4,0.11,0,0.0,0,,,458,QUESTIONABLE_FRAGMENT
662,3,4,0.55,0,0.0,0,,,459,QUESTIONABLE_FRAGMENT
89,3,4,0.16,0,0.0,0,,,460,QUESTIONABLE_FRAGMENT
670,3,4,0.04,3,0.0,1,Çatalca,1.0,461,QUESTIONABLE_FRAGMENT
54,3,4,0.08,0,0.0,0,,,462,QUESTIONABLE_FRAGMENT
675,3,4,0.09,0,0.0,0,,,463,QUESTIONABLE_FRAGMENT
29,3,4,0.15,0,0.0,0,,,464,QUESTIONABLE_FRAGMENT
28,3,4,0.17,0,0.0,0,,,465,QUESTIONABLE_FRAGMENT
16,3,4,0.04,0,0.0,0,,,466,QUESTIONABLE_FRAGMENT
15,3,4,0.04,0,0.0,0,,,467,QUESTIONABLE_FRAGMENT
692,3,4,0.09,0,0.0,0,,,468,QUESTIONABLE_FRAGMENT
693,3,4,0.07,0,0.0,0,,,469,QUESTIONABLE_FRAGMENT
696,3,4,0.02,0,0.0,0,,,470,QUESTIONABLE_FRAGMENT
2,3,4,0.25,0,0.0,0,,,471,QUESTIONABLE_FRAGMENT
699,3,4,0.02,0,0.0,0,,,472,QUESTIONABLE_FRAGMENT
636,3,4,0.09,0,0.0,0,,,473,QUESTIONABLE_FRAGMENT
118,3,4,0.13,0,0.0,0,,,474,QUESTIONABLE_FRAGMENT
121,3,4,0.06,0,0.0,0,,,475,QUESTIONABLE_FRAGMENT
158,3,4,0.08,0,0.0,0,,,476,QUESTIONABLE_FRAGMENT
188,3,4,0.07,0,0.0,0,,,477,QUESTIONABLE_FRAGMENT
288,3,4,0.17,0,0.0,0,,,478,QUESTIONABLE_FRAGMENT
169,3,4,0.06,0,0.0,0,,,479,QUESTIONABLE_FRAGMENT
589,3,4,0.1,0,0.0,0,,,480,QUESTIONABLE_FRAGMENT
593,3,4,0.04,0,0.0,0,,,481,QUESTIONABLE_FRAGMENT
597,3,4,0.09,0,0.0,0,,,482,QUESTIONABLE_FRAGMENT
599,3,4,0.09,0,0.0,0,,,483,QUESTIONABLE_FRAGMENT
155,3,4,0.05,0,0.0,0,,,484,QUESTIONABLE_FRAGMENT
132,3,4,0.05,0,0.0,0,,,485,QUESTIONABLE_FRAGMENT
608,3,4,0.02,0,0.0,0,,,486,QUESTIONABLE_FRAGMENT
146,3,4,0.2,0,0.0,0,,,487,QUESTIONABLE_FRAGMENT
144,3,4,0.21,0,0.0,0,,,488,QUESTIONABLE_FRAGMENT
614,3,4,0.06,0,0.0,0,,,489,QUESTIONABLE_FRAGMENT
616,3,4,0.05,0,0.0,0,,,490,QUESTIONABLE_FRAGMENT
617,3,4,0.05,0,0.0,0,,,491,QUESTIONABLE_FRAGMENT
134,3,4,0.07,0,0.0,0,,,492,QUESTIONABLE_FRAGMENT
287,3,4,0.04,0,0.0,0,,,493,QUESTIONABLE_FRAGMENT
395,3,4,0.29,1,884.9,1,Pendik,0.25,494,SMALL_LOCAL_COMPONENT
701,3,4,0.06,0,0.0,0,,,495,QUESTIONABLE_FRAGMENT
372,3,4,0.04,0,0.0,0,,,496,QUESTIONABLE_FRAGMENT
469,3,4,0.04,0,0.0,0,,,497,QUESTIONABLE_FRAGMENT
373,3,4,0.03,0,0.0,0,,,498,QUESTIONABLE_FRAGMENT
465,3,4,0.05,1,3.5,1,Çatalca,0.25,499,SMALL_LOCAL_COMPONENT
327,3,4,0.46,0,0.0,0,,,500,QUESTIONABLE_FRAGMENT
463,3,4,0.04,1,0.0,1,Arnavutköy,0.25,501,QUESTIONABLE_FRAGMENT
328,3,4,0.08,0,0.0,0,,,502,QUESTIONABLE_FRAGMENT
330,3,4,0.04,1,437.1,1,Sancaktepe,0.25,503,SMALL_LOCAL_COMPONENT
331,3,4,0.04,0,0.0,0,,,504,QUESTIONABLE_FRAGMENT
412,3,4,0.05,0,0.0,0,,,505,QUESTIONABLE_FRAGMENT
335,3,4,0.05,1,801.4,1,Beykoz,0.25,506,SMALL_LOCAL_COMPONENT
337,3,4,0.05,0,0.0,0,,,507,QUESTIONABLE_FRAGMENT
431,3,4,0.05,0,0.0,0,,,508,QUESTIONABLE_FRAGMENT
415,3,4,0.04,0,0.0,0,,,509,QUESTIONABLE_FRAGMENT
323,3,4,0.07,0,0.0,0,,,510,QUESTIONABLE_FRAGMENT
371,3,4,0.04,1,0.0,1,Beykoz,0.25,511,QUESTIONABLE_FRAGMENT
338,3,4,0.04,0,0.0,0,,,512,QUESTIONABLE_FRAGMENT
344,3,4,0.21,1,4475.0,1,Kartal,0.25,513,SMALL_LOCAL_COMPONENT
447,3,4,0.04,0,0.0,0,,,514,QUESTIONABLE_FRAGMENT
445,3,4,0.05,0,0.0,0,,,515,QUESTIONABLE_FRAGMENT
444,3,4,0.04,2,0.0,1,Çatalca,0.5,516,QUESTIONABLE_FRAGMENT
370,3,4,0.04,0,0.0,0,,,517,QUESTIONABLE_FRAGMENT
420,3,4,0.04,0,0.0,0,,,518,QUESTIONABLE_FRAGMENT
492,3,4,0.15,0,0.0,0,,,519,QUESTIONABLE_FRAGMENT
426,3,4,0.04,0,0.0,0,,,520,QUESTIONABLE_FRAGMENT
361,3,4,0.05,0,0.0,0,,,521,QUESTIONABLE_FRAGMENT
429,3,4,0.05,0,0.0,0,,,522,QUESTIONABLE_FRAGMENT
374,3,4,0.04,0,0.0,0,,,523,QUESTIONABLE_FRAGMENT
413,3,4,0.05,0,0.0,0,,,524,QUESTIONABLE_FRAGMENT
391,3,4,0.11,0,0.0,0,,,525,QUESTIONABLE_FRAGMENT
390,3,4,0.11,0,0.0,0,,,526,QUESTIONABLE_FRAGMENT
387,3,4,0.08,0,0.0,0,,,527,QUESTIONABLE_FRAGMENT
480,3,4,0.1,0,0.0,0,,,528,QUESTIONABLE_FRAGMENT
307,3,4,0.09,0,0.0,0,,,529,QUESTIONABLE_FRAGMENT
392,3,4,0.11,0,0.0,0,,,530,QUESTIONABLE_FRAGMENT
388,3,4,0.04,0,0.0,0,,,531,QUESTIONABLE_FRAGMENT
384,3,4,0.22,1,1127.3,1,Pendik,0.25,532,SMALL_LOCAL_COMPONENT
393,3,4,0.07,0,0.0,0,,,533,QUESTIONABLE_FRAGMENT
313,3,4,0.08,0,0.0,0,,,534,QUESTIONABLE_FRAGMENT
386,3,4,0.09,0,0.0,0,,,535,QUESTIONABLE_FRAGMENT
308,3,4,0.07,0,0.0,0,,,536,QUESTIONABLE_FRAGMENT
115,2,2,0.1,0,0.0,0,,,537,QUESTIONABLE_FRAGMENT
369,2,2,0.03,0,0.0,0,,,538,QUESTIONABLE_FRAGMENT
633,2,2,0.05,0,0.0,0,,,539,QUESTIONABLE_FRAGMENT
631,2,2,0.0,0,0.0,0,,,540,QUESTIONABLE_FRAGMENT
117,2,2,0.02,0,0.0,0,,,541,QUESTIONABLE_FRAGMENT
46,2,2,0.07,0,0.0,0,,,542,QUESTIONABLE_FRAGMENT
130,2,2,0.07,0,0.0,0,,,543,QUESTIONABLE_FRAGMENT
637,2,2,0.02,0,0.0,0,,,544,QUESTIONABLE_FRAGMENT
638,2,2,0.02,0,0.0,0,,,545,QUESTIONABLE_FRAGMENT
9,2,2,0.08,0,0.0,0,,,546,QUESTIONABLE_FRAGMENT
639,2,2,0.01,0,0.0,0,,,547,QUESTIONABLE_FRAGMENT
640,2,2,0.01,0,0.0,0,,,548,QUESTIONABLE_FRAGMENT
641,2,2,0.04,0,0.0,0,,,549,QUESTIONABLE_FRAGMENT
8,2,2,0.09,0,0.0,0,,,550,QUESTIONABLE_FRAGMENT
627,2,2,0.04,0,0.0,0,,,551,QUESTIONABLE_FRAGMENT
368,2,2,0.03,0,0.0,0,,,552,QUESTIONABLE_FRAGMENT
618,2,2,0.04,0,0.0,0,,,553,QUESTIONABLE_FRAGMENT
700,2,2,0.0,0,0.0,0,,,554,QUESTIONABLE_FRAGMENT
612,2,2,0.03,0,0.0,0,,,555,QUESTIONABLE_FRAGMENT
143,2,2,0.03,0,0.0,0,,,556,QUESTIONABLE_FRAGMENT
428,2,2,0.22,0,0.0,0,,,557,QUESTIONABLE_FRAGMENT
141,2,2,0.24,0,0.0,0,,,558,QUESTIONABLE_FRAGMENT
427,2,2,0.16,0,0.0,0,,,559,QUESTIONABLE_FRAGMENT
4,2,2,0.09,0,0.0,0,,,560,QUESTIONABLE_FRAGMENT
425,2,2,0.04,1,585.1,1,Sancaktepe,0.25,561,SMALL_LOCAL_COMPONENT
114,2,2,0.03,0,0.0,0,,,562,QUESTIONABLE_FRAGMENT
138,2,2,0.05,0,0.0,0,,,563,QUESTIONABLE_FRAGMENT
137,2,2,0.05,0,0.0,0,,,564,QUESTIONABLE_FRAGMENT
136,2,2,0.05,0,0.0,0,,,565,QUESTIONABLE_FRAGMENT
135,2,2,0.07,0,0.0,0,,,566,QUESTIONABLE_FRAGMENT
624,2,2,0.03,0,0.0,0,,,567,QUESTIONABLE_FRAGMENT
424,2,2,0.04,0,0.0,0,,,568,QUESTIONABLE_FRAGMENT
422,2,2,0.09,0,0.0,0,,,569,QUESTIONABLE_FRAGMENT
642,2,2,0.02,0,0.0,0,,,570,QUESTIONABLE_FRAGMENT
100,2,2,0.06,0,0.0,0,,,571,QUESTIONABLE_FRAGMENT
400,2,2,0.06,0,0.0,0,,,572,QUESTIONABLE_FRAGMENT
87,2,2,0.05,0,0.0,0,,,573,QUESTIONABLE_FRAGMENT
79,2,2,0.02,0,0.0,0,,,574,QUESTIONABLE_FRAGMENT
406,2,2,0.17,0,0.0,0,,,575,QUESTIONABLE_FRAGMENT
77,2,2,0.07,0,0.0,0,,,576,QUESTIONABLE_FRAGMENT
35,2,2,0.02,0,0.0,0,,,577,QUESTIONABLE_FRAGMENT
72,2,2,0.02,0,0.0,0,,,578,QUESTIONABLE_FRAGMENT
682,2,2,0.04,0,0.0,0,,,579,QUESTIONABLE_FRAGMENT
681,2,2,0.01,0,0.0,0,,,580,QUESTIONABLE_FRAGMENT
36,2,2,0.01,0,0.0,0,,,581,QUESTIONABLE_FRAGMENT
69,2,2,0.11,0,0.0,0,,,582,QUESTIONABLE_FRAGMENT
43,2,2,0.07,0,0.0,0,,,583,QUESTIONABLE_FRAGMENT
61,2,2,0.0,0,0.0,0,,,584,QUESTIONABLE_FRAGMENT
409,2,2,0.21,0,0.0,0,,,585,QUESTIONABLE_FRAGMENT
53,2,2,0.04,0,0.0,0,,,586,QUESTIONABLE_FRAGMENT
674,2,2,0.17,0,0.0,0,,,587,QUESTIONABLE_FRAGMENT
678,2,2,0.01,0,0.0,0,,,588,QUESTIONABLE_FRAGMENT
84,2,2,0.14,0,0.0,0,,,589,QUESTIONABLE_FRAGMENT
411,2,2,0.08,0,0.0,0,,,590,QUESTIONABLE_FRAGMENT
644,2,2,0.04,0,0.0,0,,,591,QUESTIONABLE_FRAGMENT
661,2,2,0.17,1,216.1,1,Arnavutköy,0.25,592,SMALL_LOCAL_COMPONENT
417,2,2,0.01,0,0.0,0,,,593,QUESTIONABLE_FRAGMENT
105,2,2,0.05,0,0.0,0,,,594,QUESTIONABLE_FRAGMENT
381,2,2,0.13,0,0.0,0,,,595,QUESTIONABLE_FRAGMENT
98,2,2,0.04,0,0.0,0,,,596,QUESTIONABLE_FRAGMENT
649,2,2,0.09,0,0.0,0,,,597,QUESTIONABLE_FRAGMENT
650,2,2,0.02,0,0.0,0,,,598,QUESTIONABLE_FRAGMENT
651,2,2,0.29,0,0.0,0,,,599,QUESTIONABLE_FRAGMENT
653,2,2,0.02,0,0.0,0,,,600,QUESTIONABLE_FRAGMENT
22,2,2,0.02,0,0.0,0,,,601,QUESTIONABLE_FRAGMENT
96,2,2,0.01,0,0.0,0,,,602,QUESTIONABLE_FRAGMENT
94,2,2,0.05,0,0.0,0,,,603,QUESTIONABLE_FRAGMENT
658,2,2,0.02,0,0.0,0,,,604,QUESTIONABLE_FRAGMENT
23,2,2,0.08,0,0.0,0,,,605,QUESTIONABLE_FRAGMENT
92,2,2,0.2,0,0.0,0,,,606,QUESTIONABLE_FRAGMENT
27,2,2,0.11,0,0.0,0,,,607,QUESTIONABLE_FRAGMENT
366,2,2,0.05,0,0.0,0,,,608,QUESTIONABLE_FRAGMENT
289,2,2,0.08,0,0.0,0,,,609,QUESTIONABLE_FRAGMENT
365,2,2,0.0,0,0.0,0,,,610,QUESTIONABLE_FRAGMENT
462,2,2,0.06,0,0.0,0,,,611,QUESTIONABLE_FRAGMENT
524,2,2,0.01,0,0.0,0,,,612,QUESTIONABLE_FRAGMENT
525,2,2,0.0,0,0.0,0,,,613,QUESTIONABLE_FRAGMENT
526,2,2,0.0,0,0.0,0,,,614,QUESTIONABLE_FRAGMENT
528,2,2,0.03,0,0.0,0,,,615,QUESTIONABLE_FRAGMENT
264,2,2,0.04,1,5962.9,1,Küçükçekmece,0.25,616,LARGE_LOCAL_VALID_COMPONENT
467,2,2,0.08,0,0.0,0,,,617,QUESTIONABLE_FRAGMENT
261,2,2,0.02,0,0.0,0,,,618,QUESTIONABLE_FRAGMENT
532,2,2,0.08,0,0.0,0,,,619,QUESTIONABLE_FRAGMENT
466,2,2,0.09,0,0.0,0,,,620,QUESTIONABLE_FRAGMENT
329,2,2,0.03,0,0.0,0,,,621,QUESTIONABLE_FRAGMENT
554,2,2,0.09,0,0.0,0,,,622,QUESTIONABLE_FRAGMENT
457,2,2,0.01,0,0.0,0,,,623,QUESTIONABLE_FRAGMENT
242,2,2,0.01,1,5677.6,1,Fatih,0.25,624,LARGE_LOCAL_VALID_COMPONENT
241,2,2,0.12,0,0.0,0,,,625,QUESTIONABLE_FRAGMENT
240,2,2,0.03,0,0.0,0,,,626,QUESTIONABLE_FRAGMENT
456,2,2,0.01,0,0.0,0,,,627,QUESTIONABLE_FRAGMENT
332,2,2,0.04,0,0.0,0,,,628,QUESTIONABLE_FRAGMENT
216,2,2,0.03,0,0.0,0,,,629,QUESTIONABLE_FRAGMENT
213,2,2,0.07,0,0.0,0,,,630,QUESTIONABLE_FRAGMENT
212,2,2,0.01,0,0.0,0,,,631,QUESTIONABLE_FRAGMENT
321,2,2,0.13,0,0.0,0,,,632,QUESTIONABLE_FRAGMENT
268,2,2,0.03,0,0.0,0,,,633,QUESTIONABLE_FRAGMENT
312,2,2,0.04,0,0.0,0,,,634,QUESTIONABLE_FRAGMENT
271,2,2,0.01,0,0.0,0,,,635,QUESTIONABLE_FRAGMENT
491,2,2,0.08,0,0.0,0,,,636,QUESTIONABLE_FRAGMENT
291,2,2,0.03,0,0.0,0,,,637,QUESTIONABLE_FRAGMENT
294,2,2,0.12,0,0.0,0,,,638,QUESTIONABLE_FRAGMENT
295,2,2,0.12,0,0.0,0,,,639,QUESTIONABLE_FRAGMENT
296,2,2,0.14,2,824.7,1,Büyükçekmece,0.5,640,SMALL_LOCAL_COMPONENT
485,2,2,0.06,0,0.0,0,,,641,QUESTIONABLE_FRAGMENT
484,2,2,0.06,0,0.0,0,,,642,QUESTIONABLE_FRAGMENT
503,2,2,0.09,4,1823.6,1,Arnavutköy,1.0,643,SMALL_LOCAL_COMPONENT
301,2,2,0.05,0,0.0,0,,,644,QUESTIONABLE_FRAGMENT
302,2,2,0.06,0,0.0,0,,,645,QUESTIONABLE_FRAGMENT
303,2,2,0.09,0,0.0,0,,,646,QUESTIONABLE_FRAGMENT
304,2,2,0.08,0,0.0,0,,,647,QUESTIONABLE_FRAGMENT
510,2,2,0.04,0,0.0,0,,,648,QUESTIONABLE_FRAGMENT
511,2,2,0.03,0,0.0,0,,,649,QUESTIONABLE_FRAGMENT
512,2,2,0.09,0,0.0,0,,,650,QUESTIONABLE_FRAGMENT
513,2,2,0.05,0,0.0,0,,,651,QUESTIONABLE_FRAGMENT
276,2,2,0.08,0,0.0,0,,,652,QUESTIONABLE_FRAGMENT
273,2,2,0.07,0,0.0,0,,,653,QUESTIONABLE_FRAGMENT
309,2,2,0.01,0,0.0,0,,,654,QUESTIONABLE_FRAGMENT
211,2,2,0.01,0,0.0,0,,,655,QUESTIONABLE_FRAGMENT
555,2,2,0.04,0,0.0,0,,,656,QUESTIONABLE_FRAGMENT
607,2,2,0.05,0,0.0,0,,,657,QUESTIONABLE_FRAGMENT
162,2,2,0.05,0,0.0,0,,,658,QUESTIONABLE_FRAGMENT
174,2,2,0.09,0,0.0,0,,,659,QUESTIONABLE_FRAGMENT
586,2,2,0.02,0,0.0,0,,,660,QUESTIONABLE_FRAGMENT
346,2,2,0.03,0,0.0,0,,,661,QUESTIONABLE_FRAGMENT
442,2,2,0.1,0,0.0,0,,,662,QUESTIONABLE_FRAGMENT
347,2,2,0.0,0,0.0,0,,,663,QUESTIONABLE_FRAGMENT
167,2,2,0.21,1,4109.9,1,Tuzla,0.25,664,SMALL_LOCAL_COMPONENT
349,2,2,0.05,0,0.0,0,,,665,QUESTIONABLE_FRAGMENT
592,2,2,0.19,0,0.0,0,,,666,QUESTIONABLE_FRAGMENT
350,2,2,0.04,0,0.0,0,,,667,QUESTIONABLE_FRAGMENT
595,2,2,0.08,0,0.0,0,,,668,QUESTIONABLE_FRAGMENT
556,2,2,0.04,0,0.0,0,,,669,QUESTIONABLE_FRAGMENT
596,2,2,0.09,1,0.0,1,Çatalca,0.25,670,QUESTIONABLE_FRAGMENT
438,2,2,0.04,0,0.0,0,,,671,QUESTIONABLE_FRAGMENT
352,2,2,0.12,0,0.0,0,,,672,QUESTIONABLE_FRAGMENT
355,2,2,0.04,0,0.0,0,,,673,QUESTIONABLE_FRAGMENT
359,2,2,0.02,0,0.0,0,,,674,QUESTIONABLE_FRAGMENT
157,2,2,0.03,0,0.0,0,,,675,QUESTIONABLE_FRAGMENT
156,2,2,0.04,0,0.0,0,,,676,QUESTIONABLE_FRAGMENT
364,2,2,0.04,0,0.0,0,,,677,QUESTIONABLE_FRAGMENT
151,2,2,0.11,0,0.0,0,,,678,QUESTIONABLE_FRAGMENT
175,2,2,0.07,0,0.0,0,,,679,QUESTIONABLE_FRAGMENT
176,2,2,0.07,0,0.0,0,,,680,QUESTIONABLE_FRAGMENT
177,2,2,0.07,0,0.0,0,,,681,QUESTIONABLE_FRAGMENT
178,2,2,0.14,0,0.0,0,,,682,QUESTIONABLE_FRAGMENT
452,2,2,0.03,0,0.0,0,,,683,QUESTIONABLE_FRAGMENT
209,2,2,0.01,0,0.0,0,,,684,QUESTIONABLE_FRAGMENT
560,2,2,0.19,1,874.7,1,Pendik,0.25,685,SMALL_LOCAL_COMPONENT
450,2,2,0.03,0,0.0,0,,,686,QUESTIONABLE_FRAGMENT
339,2,2,0.04,3,0.0,1,Çekmeköy,1.0,687,QUESTIONABLE_FRAGMENT
563,2,2,0.03,0,0.0,0,,,688,QUESTIONABLE_FRAGMENT
196,2,2,0.06,0,0.0,0,,,689,QUESTIONABLE_FRAGMENT
446,2,2,0.07,0,0.0,0,,,690,QUESTIONABLE_FRAGMENT
568,2,2,0.04,0,0.0,0,,,691,QUESTIONABLE_FRAGMENT
189,2,2,0.06,0,0.0,0,,,692,QUESTIONABLE_FRAGMENT
571,2,2,0.06,0,0.0,0,,,693,QUESTIONABLE_FRAGMENT
187,2,2,0.09,0,0.0,0,,,694,QUESTIONABLE_FRAGMENT
573,2,2,0.01,0,0.0,0,,,695,QUESTIONABLE_FRAGMENT
574,2,2,0.06,0,0.0,0,,,696,QUESTIONABLE_FRAGMENT
575,2,2,0.03,0,0.0,0,,,697,QUESTIONABLE_FRAGMENT
184,2,2,0.15,0,0.0,0,,,698,QUESTIONABLE_FRAGMENT
183,2,2,0.13,0,0.0,0,,,699,QUESTIONABLE_FRAGMENT
182,2,2,0.22,0,0.0,0,,,700,QUESTIONABLE_FRAGMENT
180,2,2,0.11,0,0.0,0,,,701,QUESTIONABLE_FRAGMENT
598,2,2,0.04,0,0.0,0,,,702,QUESTIONABLE_FRAGMENT
