feature,n_valid,n_missing,min,p5,p25,median,p75,p95,max,mean,std,iqr,zero_prevalence_pct,skewness,n_unique,flag_extreme_skew,flag_near_zero_variance,flag_very_sparse
building_count,22322,0,0.0,0.0,0.0,0.0,4.0,226.95000000000073,1340.0,33.270226682196935,107.73655078025672,4.0,66.11,4.857,704,True,False,False
mean_building_footprint_m2_valid_only,7566,14756,1.6327107785406383,54.09245614159644,142.29890704661324,234.2499396469871,456.19100092640946,2056.199393675344,108205.07087154,588.9845199452529,1916.2045678053103,313.8920938797962,0.0,27.906,7566,True,False,False
building_footprint_area_m2,22322,0,0.0,0.0,0.0,0.0,1267.5130264031484,58433.96227709228,168868.7181720767,8038.337495264569,20806.882047546547,1267.5130264031484,65.17,3.228,7776,True,False,False
building_coverage_ratio,22322,0,0.0,0.0,0.0,0.0,0.005344391262458158,0.23725809597142655,0.6754748726883069,0.03302270440232423,0.08421722150847927,0.005344391262458158,65.17,3.157,7776,True,False,False
hospital_count,22322,0,0.0,0.0,0.0,0.0,0.0,0.0,6.0,0.018322730938087985,0.17215120664231148,0.0,98.56,13.545,7,True,False,True
university_count,22322,0,0.0,0.0,0.0,0.0,0.0,0.0,10.0,0.007123017650748141,0.1374773588673235,0.0,99.47,42.623,7,True,False,True
school_count,22322,0,0.0,0.0,0.0,0.0,0.0,1.0,10.0,0.12409282322372547,0.5228638695037633,0.0,92.51,5.969,11,True,False,True
healthcare_count,22322,0,0.0,0.0,0.0,0.0,0.0,2.0,43.0,0.26023653794462864,1.2981514420105087,0.0,92.24,9.219,26,True,False,True
cafe_count,22322,0,0.0,0.0,0.0,0.0,0.0,1.0,82.0,0.18685601648597797,1.6615359583072642,0.0,94.93,21.659,41,True,False,True
restaurant_count,22322,0,0.0,0.0,0.0,0.0,0.0,1.0,140.0,0.3514470029567243,2.848487182454931,0.0,93.22,20.093,59,True,False,True
bar_pub_count,22322,0,0.0,0.0,0.0,0.0,0.0,0.0,39.0,0.019711495385718127,0.4988821760343093,0.0,99.37,50.218,17,True,False,True
supermarket_count,22322,0,0.0,0.0,0.0,0.0,0.0,1.0,23.0,0.17888182062539199,0.9211249457751428,0.0,93.41,8.436,19,True,False,True
retail_count,22322,0,0.0,0.0,0.0,0.0,0.0,2.0,419.0,1.0918376489561867,9.38894621108728,0.0,90.67,22.162,122,True,False,True
office_count,22322,0,0.0,0.0,0.0,0.0,0.0,1.0,64.0,0.19147029836036197,1.3745603162887403,0.0,93.56,20.022,32,True,False,True
tourism_count,22322,0,0.0,0.0,0.0,0.0,0.0,0.0,135.0,0.14505868649762566,2.1810270908165923,0.0,95.49,37.265,42,True,False,True
leisure_count,22322,0,0.0,0.0,0.0,0.0,0.0,5.0,233.0,0.9580682734521996,4.686425094550879,0.0,82.51,18.537,72,True,False,False
total_poi_count,22322,0,0.0,0.0,0.0,0.0,0.0,16.0,530.0,3.5331063524773767,17.966839261310756,0.0,77.23,14.019,187,True,False,False
poi_density_km2,22322,0,0.0,0.0,0.0,0.0,0.0,72.0,2120.0,14.900391666878859,74.1831967216569,0.0,77.23,13.399,719,True,False,False
poi_category_count,22322,0,0.0,0.0,0.0,0.0,0.0,5.0,12.0,0.7405698414120598,1.8188249464466941,0.0,77.23,2.975,13,False,False,False
poi_entropy,22322,0,-0.0,0.0,0.0,0.0,0.0,1.96981578242681,3.2037016960573483,0.23694872600441638,0.628204172081864,0.0,85.55,2.613,1391,False,False,False
population_worldpop_raw,22322,0,0.0,0.0,0.0,0.0,185.9273207674091,4839.621897068958,21202.744420881318,741.7560084300484,2107.3355452597043,185.9273207674091,56.68,4.232,9672,True,False,False
population_density_worldpop_raw_km2,22322,0,0.0,0.0,0.0,0.0,808.1632534540897,19682.831048585605,84810.97768352527,3028.687298768925,8478.369707040467,808.1632534540897,56.68,4.168,9672,True,False,False
population_calibrated,22322,0,0.0,0.0,0.0,0.0,178.90701811759828,4856.635285067329,17294.742945955055,692.3916072950686,1861.098414188679,178.90701811759828,56.68,3.664,9672,True,False,False
population_density_calibrated_km2,22322,0,0.0,0.0,0.0,0.0,759.3127129305135,19712.405646225237,69178.97178382022,2831.53637376699,7492.546493823524,759.3127129305135,56.68,3.6,9672,True,False,False
mean_elevation_m,22322,0,-11.935310363769531,11.180268096923827,58.5,106.11650085449219,160.34008407592773,236.07328033447268,491.23223876953125,114.01673126220703,72.53443908691406,101.84008407592773,0.05,0.727,22154,False,False,False
median_elevation_m,22322,0,-13.747312545776367,9.226427125930787,58.20922660827637,106.21047973632812,160.9189109802246,236.60679092407227,495.18115234375,114.01496124267578,73.2394790649414,102.70968437194824,0.17,0.709,21887,False,False,False
min_elevation_m,22322,0,-34.66374206542969,1.5,31.514329433441162,76.81597900390625,129.32126998901367,207.5525672912598,427.2306823730469,87.2010726928711,67.67280578613281,97.80694055557251,1.66,0.837,21023,False,False,False
max_elevation_m,22322,0,0.0,26.32654695510864,85.9603328704834,135.08404541015625,188.58477020263672,272.14033355712894,536.0764770507812,140.96751403808594,76.49333190917969,102.62443733215332,0.05,0.668,22146,False,False,False
elevation_std_m,22322,0,0.0,2.987520086765289,7.255581855773926,11.61965560913086,17.272493362426758,28.240868473052988,78.78297424316406,13.078339576721191,7.971216201782227,10.016911506652832,0.74,1.141,22150,False,False,False
elevation_range_m,22322,0,0.0,14.130756187438966,31.469715118408203,48.79685974121094,70.5911808013916,111.49018478393563,289.52471923828125,53.76643371582031,30.456188201904297,39.1214656829834,0.74,0.997,22143,False,False,False
mean_slope_deg,22322,0,0.0,1.7838280141353606,4.010823965072632,6.564517498016357,9.926249027252197,15.793715333938598,35.979095458984375,7.345823287963867,4.341642379760742,5.915425062179565,0.68,0.843,22164,False,False,False
median_slope_deg,22322,0,0.0,1.3954483985900878,3.637216329574585,6.1917405128479,9.693664789199829,16.15831747055054,36.674400329589844,7.101591110229492,4.554431438446045,6.056448459625244,1.6,0.946,21961,False,False,False
max_slope_deg,22322,0,0.0,4.784552812576294,10.248653411865234,15.660619735717773,21.940192222595215,31.239491748809815,55.276641845703125,16.51288414001465,8.164850234985352,11.69153881072998,0.68,0.454,22160,False,False,False
slope_std_deg,22322,0,0.0,0.8187179654836655,1.957007348537445,3.116229295730591,4.496126055717468,6.885476732254029,15.152058601379395,3.380645275115967,1.8935645818710327,2.539118707180023,0.68,0.821,22161,False,False,False
pct_area_slope_lt_3deg,22322,0,0.0,0.7352941176470588,4.411764705882353,13.23529411764706,37.109375,88.92733564013841,100.0,24.953674758864068,27.358418387055195,32.697610294117645,2.15,1.306,1704,False,False,False
pct_area_slope_3_6deg,22322,0,0.0,2.422145328719723,11.029411764705882,23.046875,38.970588235294116,60.553633217993074,98.89705882352942,26.309582286021886,18.572251186787227,27.941176470588232,2.27,0.708,1682,False,False,False
pct_area_slope_6_10deg,22322,0,0.0,0.0,9.558823529411764,21.79930795847751,33.978847287735846,49.82698961937716,88.92733564013841,22.65924578632505,15.750471850253934,24.42002375832408,8.51,0.352,1493,False,False,False
pct_area_slope_gt_10deg,22322,0,0.0,0.0,0.3676470588235294,14.705882352941178,47.40484429065744,81.66089965397923,100.0,26.077497168788994,28.246603261629176,47.03719723183391,23.87,0.812,1620,False,False,False
metro_station_count,22322,0,0.0,0.0,0.0,0.0,0.0,0.0,2.0,0.005331063524773766,0.07583461908135486,0.0,99.49,15.095,3,True,False,True
distance_to_nearest_metro_m,22322,0,4.442125223203434,1136.1510552511209,9890.298528113908,24088.15037341084,45204.87952418759,62853.997751643976,76333.52255614434,27947.886411355757,20407.093503441836,35314.58099607368,0.0,0.382,22322,False,False,False
tram_station_count,22322,0,0.0,0.0,0.0,0.0,0.0,0.0,2.0,0.0027775288952602813,0.0575112914189416,0.0,99.75,22.936,3,True,False,True
distance_to_nearest_tram_m,22322,0,15.223401035752854,4512.40660656913,17902.374430671112,32593.448633097734,52822.6266819042,69243.51879735441,78780.42477891014,35199.18699145375,20629.77000135543,34920.25225123309,0.0,0.204,22322,False,False,False
rail_station_count,22322,0,0.0,0.0,0.0,0.0,0.0,0.0,1.0,0.0018815518322730937,0.04333700187496177,0.0,99.81,22.989,2,True,False,True
distance_to_nearest_rail_m,22322,0,10.77535667309778,2462.177867476454,12897.683898665622,25001.62485719961,40706.50943384338,56299.53257064059,71244.25886222077,27183.504048208044,17108.615841153478,27808.825535177755,0.0,0.314,22322,False,False,False
ferry_terminal_count,22322,0,0.0,0.0,0.0,0.0,0.0,0.0,4.0,0.0018815518322730937,0.05676373434514242,0.0,99.86,39.583,5,True,False,True
distance_to_nearest_ferry_m,22322,0,80.93578387329364,2949.602634994757,11911.67095907967,24907.847108066002,41156.014998600556,58586.83651495847,72498.92934038228,27123.67892441322,17660.12767249678,29244.344039520885,0.0,0.388,22322,False,False,False
metrobus_station_count,22322,0,0.0,0.0,0.0,0.0,0.0,0.0,10.0,0.014918018098736672,0.19376420694880514,0.0,99.18,19.186,8,True,False,True
bus_stop_count,22322,0,0.0,0.0,0.0,0.0,0.0,2.0,13.0,0.21561688020786668,0.8573554011774339,0.0,91.84,4.927,12,True,False,True
distance_to_nearest_metrobus_m,22322,0,4.278940869151918,1367.6095307894268,8442.2246357301,20494.756796184753,38028.42055536086,54405.073114168605,70546.99732339228,23974.59347982982,17583.687373226443,29586.195919630765,0.0,0.471,22322,False,False,False
distance_to_nearest_bus_stop_m,22322,0,3.786709811341785,181.30823071652352,1324.2291233125611,7144.300814957683,28584.677915993932,50178.29410628722,65725.09716695467,15909.475963405737,17573.497308777543,27260.44879268137,0.0,0.925,22322,False,False,False
total_transit_stop_count,22322,0,0.0,0.0,0.0,0.0,0.0,2.0,16.0,0.2424065943911836,0.9526521734618097,0.0,91.15,5.206,14,True,False,True
distance_to_nearest_transit_m,22322,0,3.786709811341785,170.6158537899778,1032.0614605208646,6046.0013486155985,28274.654843556804,49648.26325081242,65725.09716695467,15419.279337718235,17586.343840797606,27242.59338303594,0.0,0.947,22322,False,False,False
transit_stops_within_500m,22322,0,0.0,0.0,0.0,0.0,0.0,6.0,24.0,0.7700474867843383,2.4358316868955208,0.0,85.05,4.015,25,True,False,False
transit_stops_within_1000m,22322,0,0.0,0.0,0.0,0.0,0.0,22.0,69.0,3.022713018546725,8.190114480439565,0.0,75.49,3.503,67,True,False,False
bus_stops_within_500m,22322,0,0.0,0.0,0.0,0.0,0.0,6.0,22.0,0.6834065047934773,2.218554776196812,0.0,86.76,4.041,22,True,False,False
fixed_guideway_stations_within_1000m,22322,0,0.0,0.0,0.0,0.0,0.0,1.0,12.0,0.12377923125167996,0.5990822986517318,0.0,93.62,7.715,13,True,False,True
number_of_transit_modes_accessible,22322,0,0.0,0.0,0.0,0.0,0.0,1.0,4.0,0.18170414837380164,0.472770397414505,0.0,85.05,2.944,5,False,False,False
routes_serving_grid,22322,0,0.0,0.0,0.0,0.0,0.0,4.0,92.0,0.7725114237075531,4.04904087429158,0.0,91.15,9.067,70,True,False,True
unique_bus_routes,22322,0,0.0,0.0,0.0,0.0,0.0,4.0,91.0,0.7432129737478721,3.9585239164868122,0.0,91.84,9.159,69,True,False,True
unique_rail_lines,22322,0,0.0,0.0,0.0,0.0,0.0,0.0,3.0,0.010662127049547531,0.11963356941349183,0.0,99.1,13.495,4,True,False,True
bus_departures_per_day,22322,0,0.0,0.0,0.0,0.0,0.0,49.0,3010.0,18.491577815607922,115.23875887789971,0.0,91.76,10.843,587,True,False,True
bus_departures_peak_hour,22322,0,0.0,0.0,0.0,0.0,0.0,0.0,57.0,0.04287250246393692,0.9854906130247669,0.0,99.5,35.873,28,True,False,True
cycle_infrastructure_length_km_ibb_only,22322,0,0.0,0.0,0.0,0.0,0.0,0.0,3.4056052234147245,0.0242009095831137,0.15047738979558115,0.0,95.99,8.383,897,True,False,True
cycle_infrastructure_density_km_per_km2_ibb_only,22322,0,0.0,0.0,0.0,0.0,0.0,0.0,33.23744967384985,0.12467342498453425,0.8653925741780526,0.0,95.99,12.042,897,True,False,True
protected_cycleway_length_km_ibb_only,22322,0,0.0,0.0,0.0,0.0,0.0,0.0,3.4056052234147245,0.016475396317762077,0.11648192509723204,0.0,96.85,10.068,704,True,False,True
protected_cycleway_density_km_per_km2_ibb_only,22322,0,0.0,0.0,0.0,0.0,0.0,0.0,21.307784932041887,0.08319302279743301,0.6489601631083471,0.0,96.85,12.821,704,True,False,True
distance_to_nearest_cycle_infrastructure_m_ibb_only,22322,0,0.3745476309180644,384.8520494110979,2477.6774391825866,7350.49242872985,15761.966983884815,33965.32707934313,54703.70994952212,10845.285548259106,10804.157181974802,13284.289544702227,0.0,1.43,22322,False,False,False
distance_to_nearest_bicycle_parking_m,22322,0,3.441278353989136,909.4016611722944,4515.436919458281,13821.01625759168,31257.756246568115,50009.49838785309,67739.56752418933,19054.339501619423,16558.089352125313,26742.319327109835,0.0,0.761,22322,False,False,False
bicycle_parking_count,22322,0,0.0,0.0,0.0,0.0,0.0,0.0,3.0,0.008108592420034047,0.1035917713232189,0.0,99.31,14.797,4,True,False,True
distance_to_nearest_micromobility_parking_m,22322,0,23.590991465586335,2118.180920765109,11002.889202099848,23207.037022096032,42483.831678996925,58612.54849315063,73360.40583938912,26948.733928259262,18553.180375504075,31480.94247689708,0.0,0.407,22322,False,False,False
micromobility_parking_count,22322,0,0.0,0.0,0.0,0.0,0.0,0.0,8.0,0.008959770629871876,0.16122598902314556,0.0,99.53,25.896,9,True,False,True
