cluster,feature,raw_median,raw_q1,raw_q3,raw_iqr,citywide_percentile_of_cluster_median,pct_deviation_from_50
0,hospital_count,0.0,0.0,0.0,0.0,49.3,0.7
1,hospital_count,0.0,0.0,0.0,0.0,49.3,0.7
2,hospital_count,0.0,0.0,0.0,0.0,49.3,0.7
3,hospital_count,0.0,0.0,0.0,0.0,49.3,0.7
4,hospital_count,0.0,0.0,0.0,0.0,49.3,0.7
0,university_count,0.0,0.0,0.0,0.0,49.7,0.3
1,university_count,0.0,0.0,0.0,0.0,49.7,0.3
2,university_count,0.0,0.0,0.0,0.0,49.7,0.3
3,university_count,0.0,0.0,0.0,0.0,49.7,0.3
4,university_count,0.0,0.0,0.0,0.0,49.7,0.3
0,school_count,0.0,0.0,1.0,1.0,46.3,3.7
1,school_count,0.0,0.0,0.0,0.0,46.3,3.7
2,school_count,0.0,0.0,1.0,1.0,46.3,3.7
3,school_count,1.0,0.0,2.0,2.0,94.8,44.8
4,school_count,0.0,0.0,0.0,0.0,46.3,3.7
0,healthcare_count,0.0,0.0,0.0,0.0,46.1,3.9
1,healthcare_count,0.0,0.0,0.0,0.0,46.1,3.9
2,healthcare_count,0.0,0.0,2.0,2.0,46.1,3.9
3,healthcare_count,4.0,1.0,6.0,5.0,97.8,47.8
4,healthcare_count,0.0,0.0,0.0,0.0,46.1,3.9
0,cafe_count,0.0,0.0,0.0,0.0,47.5,2.5
1,cafe_count,0.0,0.0,0.0,0.0,47.5,2.5
2,cafe_count,0.0,0.0,0.0,0.0,47.5,2.5
3,cafe_count,2.0,1.0,5.0,4.0,97.8,47.8
4,cafe_count,0.0,0.0,0.0,0.0,47.5,2.5
0,restaurant_count,0.0,0.0,0.0,0.0,46.6,3.4
1,restaurant_count,0.0,0.0,0.0,0.0,46.6,3.4
2,restaurant_count,0.0,0.0,1.0,1.0,46.6,3.4
3,restaurant_count,4.0,2.0,9.0,7.0,97.9,47.9
4,restaurant_count,0.0,0.0,0.0,0.0,46.6,3.4
0,bar_pub_count,0.0,0.0,0.0,0.0,49.7,0.3
1,bar_pub_count,0.0,0.0,0.0,0.0,49.7,0.3
2,bar_pub_count,0.0,0.0,0.0,0.0,49.7,0.3
3,bar_pub_count,0.0,0.0,0.0,0.0,49.7,0.3
4,bar_pub_count,0.0,0.0,0.0,0.0,49.7,0.3
0,supermarket_count,0.0,0.0,0.0,0.0,46.7,3.3
1,supermarket_count,0.0,0.0,0.0,0.0,46.7,3.3
2,supermarket_count,0.0,0.0,1.0,1.0,46.7,3.3
3,supermarket_count,2.0,1.0,5.0,4.0,96.9,46.9
4,supermarket_count,0.0,0.0,0.0,0.0,46.7,3.3
0,retail_count,0.0,0.0,1.0,1.0,45.3,4.7
1,retail_count,0.0,0.0,0.0,0.0,45.3,4.7
2,retail_count,0.0,0.0,3.0,3.0,45.3,4.7
3,retail_count,13.0,5.5,30.0,24.5,98.1,48.1
4,retail_count,0.0,0.0,0.0,0.0,45.3,4.7
0,office_count,0.0,0.0,0.0,0.0,46.8,3.2
1,office_count,0.0,0.0,0.0,0.0,46.8,3.2
2,office_count,0.0,0.0,1.0,1.0,46.8,3.2
3,office_count,2.0,1.0,4.0,3.0,97.4,47.4
4,office_count,0.0,0.0,0.0,0.0,46.8,3.2
0,tourism_count,0.0,0.0,0.0,0.0,47.7,2.3
1,tourism_count,0.0,0.0,0.0,0.0,47.7,2.3
2,tourism_count,0.0,0.0,0.0,0.0,47.7,2.3
3,tourism_count,0.0,0.0,1.0,1.0,47.7,2.3
4,tourism_count,0.0,0.0,0.0,0.0,47.7,2.3
0,leisure_count,2.0,1.0,5.0,4.0,88.8,38.8
1,leisure_count,0.0,0.0,0.0,0.0,41.3,8.7
2,leisure_count,2.0,0.0,5.0,5.0,88.8,38.8
3,leisure_count,4.0,2.0,7.0,5.0,93.0,43.0
4,leisure_count,0.0,0.0,0.0,0.0,41.3,8.7
0,poi_density_km2,20.0,8.0,40.0,32.0,87.4,37.4
1,poi_density_km2,0.0,0.0,0.0,0.0,38.6,11.4
2,poi_density_km2,32.0,8.0,72.0,64.0,90.3,40.3
3,poi_density_km2,152.0,92.0,293.0975896981286,201.09758969812862,97.8,47.8
4,poi_density_km2,0.0,0.0,0.0,0.0,38.6,11.4
0,poi_entropy,0.8112781244591328,0.0,1.5,1.5,87.0,37.0
1,poi_entropy,0.0,0.0,0.0,0.0,42.8,7.2
2,poi_entropy,1.3520301017579528,0.0,2.0,2.0,90.5,40.5
3,poi_entropy,2.3037464107788743,2.0205436465375426,2.561276110558121,0.5407324640205786,97.3,47.3
4,poi_entropy,0.0,0.0,0.0,0.0,42.8,7.2
0,population_density_calibrated_km2,5114.724547770421,1567.267060079104,13733.893975933239,12166.626915854134,85.9,35.9
1,population_density_calibrated_km2,0.0,0.0,181.36586579671769,181.36586579671769,28.3,21.7
2,population_density_calibrated_km2,12029.339625916842,4914.782608180414,18472.20090273539,13557.418294554975,91.2,41.2
3,population_density_calibrated_km2,20953.810013465794,14582.168812839089,28565.696468564274,13983.527655725185,95.6,45.6
4,population_density_calibrated_km2,0.0,0.0,0.0,0.0,28.3,21.7
0,mean_elevation_m,76.33370971679688,36.77444553375244,120.02690887451172,83.25246334075928,34.1,15.9
1,mean_elevation_m,98.8433837890625,58.22031021118164,138.27777099609375,80.05746078491211,46.1,3.9
2,mean_elevation_m,104.83667755126953,51.08183288574219,139.749755859375,88.66792297363281,49.3,0.7
3,mean_elevation_m,59.83610534667969,30.451123237609863,99.94596481323242,69.49484157562256,25.7,24.3
4,mean_elevation_m,149.7498321533203,78.05558776855469,203.63168334960938,125.57609558105469,71.1,21.1
0,mean_slope_deg,5.80339241027832,3.981330096721649,8.76383090019226,4.782500803470612,43.3,6.7
1,mean_slope_deg,7.223336219787598,4.609522819519043,10.13544750213623,5.5259246826171875,55.7,5.7
2,mean_slope_deg,5.038951396942139,3.73478627204895,7.319283962249756,3.5844976902008057,35.7,14.3
3,mean_slope_deg,4.646687030792236,3.6282893419265747,6.032055854797363,2.4037665128707886,31.7,18.3
4,mean_slope_deg,6.516690254211426,3.6604645252227783,10.826167106628418,7.16570258140564,49.6,0.4
0,pct_area_slope_3_6deg,29.411764705882355,16.544117647058822,41.90095155709343,25.356833910034606,60.7,10.7
1,pct_area_slope_3_6deg,20.22058823529412,10.294117647058822,34.92647058823529,24.632352941176467,45.0,5.0
2,pct_area_slope_3_6deg,34.19117647058824,20.588235294117645,44.48529411764706,23.897058823529413,68.1,18.1
3,pct_area_slope_3_6deg,39.705882352941174,30.44982698961938,45.588235294117645,15.138408304498267,76.1,26.1
4,pct_area_slope_3_6deg,20.588235294117645,8.996539792387544,38.60294117647059,29.606401384083043,45.7,4.3
0,pct_area_slope_6_10deg,22.058823529411764,10.87390988372093,33.56401384083045,22.690103957109518,50.4,0.4
1,pct_area_slope_6_10deg,24.91349480968858,11.333333333333332,37.0242214532872,25.690888119953865,56.2,6.2
2,pct_area_slope_6_10deg,20.588235294117645,11.072664359861593,31.25,20.17733564013841,47.5,2.5
3,pct_area_slope_6_10deg,20.3125,11.397058823529411,29.757785467128027,18.360726643598618,46.9,3.1
4,pct_area_slope_6_10deg,18.014705882352942,7.03125,30.88235294117647,23.85110294117647,42.3,7.7
0,metro_station_count,0.0,0.0,0.0,0.0,49.7,0.3
1,metro_station_count,0.0,0.0,0.0,0.0,49.7,0.3
2,metro_station_count,0.0,0.0,0.0,0.0,49.7,0.3
3,metro_station_count,0.0,0.0,0.0,0.0,49.7,0.3
4,metro_station_count,0.0,0.0,0.0,0.0,49.7,0.3
0,distance_to_nearest_metro_m,5955.7087035442,1736.2882115985428,12668.540194246913,10932.25198264837,16.6,33.4
1,distance_to_nearest_metro_m,18583.039851375517,11137.626213956366,26709.03672861704,15571.410514660674,41.5,8.5
2,distance_to_nearest_metro_m,4320.126341747727,1307.8693920589994,8342.047930742498,7034.178538683498,13.4,36.6
3,distance_to_nearest_metro_m,1078.098772483386,604.9705628248119,1969.9668358123,1364.996272987488,4.7,45.3
4,distance_to_nearest_metro_m,52117.17879861138,44343.7704826083,59714.83817938371,15371.067696775412,82.9,32.9
0,tram_station_count,0.0,0.0,0.0,0.0,49.9,0.1
1,tram_station_count,0.0,0.0,0.0,0.0,49.9,0.1
2,tram_station_count,0.0,0.0,0.0,0.0,49.9,0.1
3,tram_station_count,0.0,0.0,0.0,0.0,49.9,0.1
4,tram_station_count,0.0,0.0,0.0,0.0,49.9,0.1
0,distance_to_nearest_tram_m,13807.131516312069,6380.036647877429,21941.800529956792,15561.763882079364,17.6,32.4
1,distance_to_nearest_tram_m,26788.435722234866,17871.124205421664,34958.71598525827,17087.591779836606,40.1,9.9
2,distance_to_nearest_tram_m,15829.870910969696,9377.607954568211,21896.72417019182,12519.11621562361,21.1,28.9
3,distance_to_nearest_tram_m,2813.2988727954016,1001.7019732650324,8016.573361667104,7014.871388402072,3.2,46.8
4,distance_to_nearest_tram_m,59293.42789404533,51835.285015651345,66399.97554498173,14564.690529330386,82.9,32.9
0,rail_station_count,0.0,0.0,0.0,0.0,49.9,0.1
1,rail_station_count,0.0,0.0,0.0,0.0,49.9,0.1
2,rail_station_count,0.0,0.0,0.0,0.0,49.9,0.1
3,rail_station_count,0.0,0.0,0.0,0.0,49.9,0.1
4,rail_station_count,0.0,0.0,0.0,0.0,49.9,0.1
0,distance_to_nearest_rail_m,8950.04981041787,4695.447553131024,15061.28425069456,10365.836697563536,17.3,32.7
1,distance_to_nearest_rail_m,20927.415288861554,14415.186807170983,26791.425692099034,12376.23888492805,41.2,8.8
2,distance_to_nearest_rail_m,5736.380834990867,2560.3343370670373,10781.990962588236,8221.656625521198,11.1,38.9
3,distance_to_nearest_rail_m,3570.5709934820825,1213.4390557893644,6625.714359414977,5412.275303625613,7.1,42.9
4,distance_to_nearest_rail_m,46447.72880608183,39412.82729442368,53242.09219400073,13829.26489957705,82.9,32.9
0,ferry_terminal_count,0.0,0.0,0.0,0.0,49.9,0.1
1,ferry_terminal_count,0.0,0.0,0.0,0.0,49.9,0.1
2,ferry_terminal_count,0.0,0.0,0.0,0.0,49.9,0.1
3,ferry_terminal_count,0.0,0.0,0.0,0.0,49.9,0.1
4,ferry_terminal_count,0.0,0.0,0.0,0.0,49.9,0.1
0,distance_to_nearest_ferry_m,7193.335487482551,3790.4278550015406,14526.791945808967,10736.364090807427,15.2,34.8
1,distance_to_nearest_ferry_m,20088.793051053835,12504.708621103058,27101.28703321695,14596.578412113893,41.3,8.7
2,distance_to_nearest_ferry_m,9349.584928716486,4796.352948873597,13552.302092934113,8755.949144060516,19.9,30.1
3,distance_to_nearest_ferry_m,3485.7426542650055,1794.8755494081142,6378.992211128285,4584.116661720171,6.1,43.9
4,distance_to_nearest_ferry_m,46477.06451745212,39693.7350820802,53266.396952534225,13572.661870454023,82.8,32.8
0,metrobus_station_count,0.0,0.0,0.0,0.0,49.6,0.4
1,metrobus_station_count,0.0,0.0,0.0,0.0,49.6,0.4
2,metrobus_station_count,0.0,0.0,0.0,0.0,49.6,0.4
3,metrobus_station_count,0.0,0.0,0.0,0.0,49.6,0.4
4,metrobus_station_count,0.0,0.0,0.0,0.0,49.6,0.4
0,distance_to_nearest_metrobus_m,5561.764691391432,2521.9217616614633,10620.375793366758,8098.454031705295,18.3,31.7
1,distance_to_nearest_metrobus_m,16456.67279126914,9923.36894301682,22365.222195813076,12441.853252796256,41.4,8.6
2,distance_to_nearest_metrobus_m,2205.964856167035,845.8468072290573,5019.44463473683,4173.597827507773,8.1,41.9
3,distance_to_nearest_metrobus_m,2711.475639737733,1534.3103374178963,4317.000618640548,2782.6902812226517,9.9,40.1
4,distance_to_nearest_metrobus_m,44678.89821569306,37400.85682924416,51471.90303772551,14071.046208481348,82.9,32.9
0,distance_to_nearest_transit_m,839.3853899337493,433.9813905144524,2247.193839122926,1813.2124486084736,21.9,28.1
1,distance_to_nearest_transit_m,4355.667888176684,1449.8390267950501,14534.32256426981,13084.48353747476,46.3,3.7
2,distance_to_nearest_transit_m,148.96864192707778,95.00025190887362,202.7834146568547,107.78316274798107,4.0,46.0
3,distance_to_nearest_transit_m,433.1263566763792,281.9764268546644,732.4858971727431,450.5094703180787,13.3,36.7
4,distance_to_nearest_transit_m,37356.87706729314,27037.639922283368,46235.74817748346,19198.10825520009,82.9,32.9
0,transit_stops_within_500m,0.0,0.0,1.0,1.0,42.5,7.5
1,transit_stops_within_500m,0.0,0.0,0.0,0.0,42.5,7.5
2,transit_stops_within_500m,7.0,5.0,11.0,6.0,95.9,45.9
3,transit_stops_within_500m,1.0,0.0,2.0,2.0,86.5,36.5
4,transit_stops_within_500m,0.0,0.0,0.0,0.0,42.5,7.5
0,transit_stops_within_1000m,1.0,0.0,8.0,8.0,76.9,26.9
1,transit_stops_within_1000m,0.0,0.0,0.0,0.0,37.7,12.3
2,transit_stops_within_1000m,25.0,15.0,34.0,19.0,95.8,45.8
3,transit_stops_within_1000m,3.0,1.0,13.0,12.0,82.4,32.4
4,transit_stops_within_1000m,0.0,0.0,0.0,0.0,37.7,12.3
0,fixed_guideway_stations_within_1000m,0.0,0.0,0.0,0.0,46.8,3.2
1,fixed_guideway_stations_within_1000m,0.0,0.0,0.0,0.0,46.8,3.2
2,fixed_guideway_stations_within_1000m,0.0,0.0,1.0,1.0,46.8,3.2
3,fixed_guideway_stations_within_1000m,1.0,0.0,3.0,3.0,95.2,45.2
4,fixed_guideway_stations_within_1000m,0.0,0.0,0.0,0.0,46.8,3.2
0,unique_rail_lines,0.0,0.0,0.0,0.0,49.5,0.5
1,unique_rail_lines,0.0,0.0,0.0,0.0,49.5,0.5
2,unique_rail_lines,0.0,0.0,0.0,0.0,49.5,0.5
3,unique_rail_lines,0.0,0.0,0.0,0.0,49.5,0.5
4,unique_rail_lines,0.0,0.0,0.0,0.0,49.5,0.5
0,bus_departures_per_day,0.0,0.0,0.0,0.0,45.9,4.1
1,bus_departures_per_day,0.0,0.0,0.0,0.0,45.9,4.1
2,bus_departures_per_day,134.0,45.0,354.5,309.5,96.6,46.6
3,bus_departures_per_day,0.0,0.0,0.0,0.0,45.9,4.1
4,bus_departures_per_day,0.0,0.0,0.0,0.0,45.9,4.1
0,bus_departures_peak_hour,0.0,0.0,0.0,0.0,49.7,0.3
1,bus_departures_peak_hour,0.0,0.0,0.0,0.0,49.7,0.3
2,bus_departures_peak_hour,0.0,0.0,0.0,0.0,49.7,0.3
3,bus_departures_peak_hour,0.0,0.0,0.0,0.0,49.7,0.3
4,bus_departures_peak_hour,0.0,0.0,0.0,0.0,49.7,0.3
0,cycle_infrastructure_density_km_per_km2_ibb_only,0.0,0.0,0.0,0.0,48.0,2.0
1,cycle_infrastructure_density_km_per_km2_ibb_only,0.0,0.0,0.0,0.0,48.0,2.0
2,cycle_infrastructure_density_km_per_km2_ibb_only,0.0,0.0,0.0,0.0,48.0,2.0
3,cycle_infrastructure_density_km_per_km2_ibb_only,0.0,0.0,0.0,0.0,48.0,2.0
4,cycle_infrastructure_density_km_per_km2_ibb_only,0.0,0.0,0.0,0.0,48.0,2.0
0,protected_cycleway_density_km_per_km2_ibb_only,0.0,0.0,0.0,0.0,48.4,1.6
1,protected_cycleway_density_km_per_km2_ibb_only,0.0,0.0,0.0,0.0,48.4,1.6
2,protected_cycleway_density_km_per_km2_ibb_only,0.0,0.0,0.0,0.0,48.4,1.6
3,protected_cycleway_density_km_per_km2_ibb_only,0.0,0.0,0.0,0.0,48.4,1.6
4,protected_cycleway_density_km_per_km2_ibb_only,0.0,0.0,0.0,0.0,48.4,1.6
0,distance_to_nearest_cycle_infrastructure_m_ibb_only,1176.8019302856078,473.4256363095532,2696.5756629842135,2223.1500266746602,13.7,36.3
1,distance_to_nearest_cycle_infrastructure_m_ibb_only,5589.239495887263,2903.047171648098,9780.94968936937,6877.9025177212725,43.1,6.9
2,distance_to_nearest_cycle_infrastructure_m_ibb_only,1477.9523840895713,673.8652517482715,2705.0703943719313,2031.2051426236599,16.6,33.4
3,distance_to_nearest_cycle_infrastructure_m_ibb_only,729.4985976344465,297.3049985107149,1314.1751650264366,1016.8701665157217,8.9,41.1
4,distance_to_nearest_cycle_infrastructure_m_ibb_only,20161.95808567436,14186.500942147532,27846.094727617317,13659.593785469786,82.9,32.9
0,distance_to_nearest_bicycle_parking_m,2298.4997187197805,1205.8537602476126,4810.371074427666,3604.5173141800533,14.7,35.3
1,distance_to_nearest_bicycle_parking_m,10278.19311505455,5503.297607316146,15841.172697371883,10337.875090055737,41.5,8.5
2,distance_to_nearest_bicycle_parking_m,1808.43953697195,912.7567692629049,3437.836201706461,2525.079432443556,11.7,38.3
3,distance_to_nearest_bicycle_parking_m,1012.2260793490343,628.7288220859839,1517.1713885650465,888.4425664790626,5.8,44.2
4,distance_to_nearest_bicycle_parking_m,37850.507588588065,30658.261689998326,46090.89784774283,15432.636157744506,82.9,32.9
0,bicycle_parking_count,0.0,0.0,0.0,0.0,49.7,0.3
1,bicycle_parking_count,0.0,0.0,0.0,0.0,49.7,0.3
2,bicycle_parking_count,0.0,0.0,0.0,0.0,49.7,0.3
3,bicycle_parking_count,0.0,0.0,0.0,0.0,49.7,0.3
4,bicycle_parking_count,0.0,0.0,0.0,0.0,49.7,0.3
0,distance_to_nearest_micromobility_parking_m,6546.9037667005605,2846.409503678626,12577.07984171306,9730.670338034435,15.6,34.4
1,distance_to_nearest_micromobility_parking_m,18479.90753426426,12127.853183287669,25428.986941162686,13301.133757875017,40.7,9.3
2,distance_to_nearest_micromobility_parking_m,6727.020599094932,2815.6446812122667,12256.164653312044,9440.519972099777,16.0,34.0
3,distance_to_nearest_micromobility_parking_m,2709.6157235445803,848.0357881341596,5575.536256198432,4727.500468064272,6.4,43.6
4,distance_to_nearest_micromobility_parking_m,48608.00113524702,41725.24131844379,55261.152402042644,13535.911083598854,82.9,32.9
0,micromobility_parking_count,0.0,0.0,0.0,0.0,49.8,0.2
1,micromobility_parking_count,0.0,0.0,0.0,0.0,49.8,0.2
2,micromobility_parking_count,0.0,0.0,0.0,0.0,49.8,0.2
3,micromobility_parking_count,0.0,0.0,0.0,0.0,49.8,0.2
4,micromobility_parking_count,0.0,0.0,0.0,0.0,49.8,0.2
0,building_coverage_ratio,0.07176343456858758,0.019986969731435447,0.16264275036947076,0.1426557806380353,86.1,36.1
1,building_coverage_ratio,0.0,0.0,0.0,0.0,32.6,17.4
2,building_coverage_ratio,0.1393927846818906,0.055999640194732414,0.23058558492549563,0.17458594473076322,90.5,40.5
3,building_coverage_ratio,0.2731267638684277,0.20472189424068582,0.3754913053721426,0.17076941113145677,96.3,46.3
4,building_coverage_ratio,0.0,0.0,0.0,0.0,32.6,17.4
